-- phpMyAdmin SQL Dump
-- version 5.1.1
-- https://www.phpmyadmin.net/
--
-- Host: mysql:3306
-- Waktu pembuatan: 12 Mar 2025 pada 10.00
-- Versi server: 10.1.48-MariaDB-1~bionic
-- Versi PHP: 7.4.20

SET SQL_MODE = "NO_AUTO_VALUE_ON_ZERO";
START TRANSACTION;
SET time_zone = "+00:00";


/*!40101 SET @OLD_CHARACTER_SET_CLIENT=@@CHARACTER_SET_CLIENT */;
/*!40101 SET @OLD_CHARACTER_SET_RESULTS=@@CHARACTER_SET_RESULTS */;
/*!40101 SET @OLD_COLLATION_CONNECTION=@@COLLATION_CONNECTION */;
/*!40101 SET NAMES utf8mb4 */;

--
-- Database: `mydb`
--

-- --------------------------------------------------------

--
-- Struktur dari tabel `absen_jamaah`
--

CREATE TABLE `absen_jamaah` (
  `jamaah_id` int(11) NOT NULL,
  `student_id` int(11) NOT NULL,
  `period_id` int(11) NOT NULL,
  `tanggal_mulai` date NOT NULL,
  `tanggal_selesai` date NOT NULL,
  `jumlah_tidak_jamaah` int(11) NOT NULL COMMENT 'Diisi manual',
  `keterangan` text
) ENGINE=InnoDB DEFAULT CHARSET=utf8;

--
-- Dumping data untuk tabel `absen_jamaah`
--

INSERT INTO `absen_jamaah` (`jamaah_id`, `student_id`, `period_id`, `tanggal_mulai`, `tanggal_selesai`, `jumlah_tidak_jamaah`, `keterangan`) VALUES
(16, 14, 9, '2025-03-01', '2025-03-11', 12, 'Wah Parah');

-- --------------------------------------------------------

--
-- Struktur dari tabel `absen_mengaji`
--

CREATE TABLE `absen_mengaji` (
  `absen_id` int(11) NOT NULL,
  `student_id` int(11) NOT NULL,
  `period_id` int(11) NOT NULL,
  `tanggal_mulai` date NOT NULL,
  `tanggal_selesai` date NOT NULL,
  `jumlah_absen` int(11) NOT NULL COMMENT 'Diisi manual',
  `keterangan` text
) ENGINE=InnoDB DEFAULT CHARSET=utf8;

-- --------------------------------------------------------

--
-- Struktur dari tabel `bebas`
--

CREATE TABLE `bebas` (
  `bebas_id` int(11) NOT NULL,
  `student_student_id` int(11) DEFAULT NULL,
  `payment_payment_id` int(11) DEFAULT NULL,
  `bebas_bill` decimal(10,0) DEFAULT NULL,
  `bebas_total_pay` decimal(10,0) DEFAULT '0',
  `bebas_input_date` timestamp NULL DEFAULT NULL,
  `bebas_last_update` timestamp NULL DEFAULT NULL
) ENGINE=InnoDB DEFAULT CHARSET=latin1;

--
-- Dumping data untuk tabel `bebas`
--

INSERT INTO `bebas` (`bebas_id`, `student_student_id`, `payment_payment_id`, `bebas_bill`, `bebas_total_pay`, `bebas_input_date`, `bebas_last_update`) VALUES
(1, 2, 2, '200000', '24222', '2024-12-31 20:07:32', '2025-01-02 11:31:03'),
(2, 4, 2, '1000000', '1000000', '2024-12-31 22:13:03', '2024-12-31 22:28:29'),
(3, 5, 2, '250000', '250000', '2025-01-01 05:05:37', '2025-01-03 06:45:25'),
(4, 6, 2, '250000', '250000', '2025-01-03 11:10:05', '2025-01-04 11:42:16'),
(5, 6, 4, '150000', '150000', '2025-01-03 11:11:12', '2025-01-04 11:42:03'),
(6, 4, 4, '150000', '0', '2025-01-03 11:11:12', '2025-01-03 11:11:12'),
(7, 1, 4, '150000', '0', '2025-01-03 11:11:12', '2025-01-03 11:11:12'),
(8, 2, 4, '150000', '0', '2025-01-03 11:11:12', '2025-01-03 11:11:12'),
(9, 7, 2, '900000', '900000', '2025-01-04 22:28:55', '2025-01-04 23:46:47'),
(10, 7, 4, '900000', '900000', '2025-01-04 22:37:39', '2025-01-04 23:26:26'),
(11, 5, 6, '900000', '0', '2025-01-05 11:02:36', '2025-01-05 11:02:36'),
(13, 7, 6, '100000', '100000', '2025-01-05 11:09:51', '2025-01-06 00:58:12'),
(14, 6, 6, '100000', '0', '2025-01-05 11:09:51', '2025-01-05 11:09:51'),
(15, 4, 6, '100000', '0', '2025-01-05 11:09:51', '2025-01-05 11:09:51'),
(16, 1, 6, '100000', '0', '2025-01-05 11:09:51', '2025-01-05 11:09:51'),
(17, 2, 6, '100000', '0', '2025-01-05 11:09:51', '2025-01-05 11:09:51'),
(18, 8, 4, '9000000', '0', '2025-01-09 08:47:20', '2025-01-09 08:47:20'),
(19, 8, 2, '150000', '0', '2025-01-14 22:44:36', '2025-01-26 17:33:39'),
(20, 9, 8, '150000', '0', '2025-02-06 14:17:29', '2025-02-06 14:17:29'),
(21, 14, 8, '150000', '100000', '2025-02-06 14:17:29', '2025-02-06 14:18:06'),
(22, 12, 8, '150000', '0', '2025-02-06 14:17:29', '2025-02-06 14:17:29'),
(23, 1, 8, '150000', '0', '2025-02-06 14:17:29', '2025-02-06 14:17:29'),
(24, 2, 8, '150000', '0', '2025-02-06 14:17:29', '2025-02-06 14:17:29'),
(25, 6, 8, '150000', '0', '2025-02-06 14:17:29', '2025-02-06 14:17:29'),
(26, 13, 8, '150000', '0', '2025-02-06 14:17:29', '2025-02-06 14:17:29'),
(27, 4, 8, '150000', '0', '2025-02-06 14:17:29', '2025-02-06 14:17:29'),
(28, 8, 8, '150000', '0', '2025-02-06 14:17:29', '2025-02-06 14:17:29'),
(29, 7, 8, '150000', '0', '2025-02-06 14:17:29', '2025-02-06 14:17:29'),
(30, 5, 8, '150000', '0', '2025-02-06 14:17:29', '2025-02-06 14:17:29'),
(31, 11, 8, '150000', '0', '2025-02-06 14:17:29', '2025-02-06 14:17:29'),
(32, 10, 8, '150000', '0', '2025-02-06 14:17:29', '2025-02-06 14:17:29');

-- --------------------------------------------------------

--
-- Struktur dari tabel `bebas_pay`
--

CREATE TABLE `bebas_pay` (
  `bebas_pay_id` int(11) NOT NULL,
  `bebas_bebas_id` int(11) DEFAULT NULL,
  `bebas_pay_number` varchar(100) DEFAULT NULL,
  `bebas_pay_bill` decimal(10,0) DEFAULT NULL,
  `bebas_pay_desc` varchar(100) DEFAULT NULL,
  `user_user_id` int(11) DEFAULT NULL,
  `bebas_pay_input_date` date DEFAULT NULL,
  `bebas_pay_last_update` timestamp NULL DEFAULT NULL
) ENGINE=InnoDB DEFAULT CHARSET=latin1;

--
-- Dumping data untuk tabel `bebas_pay`
--

INSERT INTO `bebas_pay` (`bebas_pay_id`, `bebas_bebas_id`, `bebas_pay_number`, `bebas_pay_bill`, `bebas_pay_desc`, `user_user_id`, `bebas_pay_input_date`, `bebas_pay_last_update`) VALUES
(1, 1, '20250100001', '22222', 'Hari ini', 1, '2025-01-01', '2024-12-31 20:16:01'),
(2, 2, '20250100007', '1000000', 'Hari ini', 1, '2025-01-01', '2024-12-31 22:28:29'),
(3, 1, '20250100014', '2000', 'Hari ini', 1, '2025-01-02', '2025-01-02 11:31:03'),
(4, 3, '20250100019', '250', 'Alhamdulillah', 1, '2025-01-03', '2025-01-03 06:45:01'),
(5, 3, '20250100020', '249750', 'Alhamdulillah', 1, '2025-01-03', '2025-01-03 06:45:25'),
(6, 5, '20250100031', '150000', 'Alhamdulillah', 1, '2025-01-04', '2025-01-04 11:42:02'),
(7, 4, '20250100032', '250000', 'Alhamdulillah', 1, '2025-01-04', '2025-01-04 11:42:16'),
(8, 10, '20250100039', '900000', 'Hari ini', 1, '2025-01-05', '2025-01-04 23:26:26'),
(9, 9, '20250100042', '900000', 'Alhamdulillah', 1, '2025-01-05', '2025-01-04 23:46:47'),
(12, 13, '20250100097', '100000', 'Alhamdulillah', 1, '2025-01-06', '2025-01-06 00:58:12'),
(13, 21, '20250200297', '100000', 'Nyicil', 1, '2025-02-06', '2025-02-06 14:18:06');

-- --------------------------------------------------------

--
-- Struktur dari tabel `bulan`
--

CREATE TABLE `bulan` (
  `bulan_id` int(11) NOT NULL,
  `student_student_id` int(11) DEFAULT NULL,
  `payment_payment_id` int(11) DEFAULT NULL,
  `month_month_id` int(11) DEFAULT NULL,
  `bulan_bill` decimal(10,0) DEFAULT NULL,
  `bulan_status` tinyint(1) DEFAULT '0',
  `bulan_number_pay` varchar(100) DEFAULT NULL,
  `bulan_date_pay` date DEFAULT NULL,
  `user_user_id` int(11) DEFAULT NULL,
  `bulan_input_date` timestamp NULL DEFAULT NULL,
  `bulan_last_update` timestamp NULL DEFAULT NULL
) ENGINE=InnoDB DEFAULT CHARSET=latin1;

--
-- Dumping data untuk tabel `bulan`
--

INSERT INTO `bulan` (`bulan_id`, `student_student_id`, `payment_payment_id`, `month_month_id`, `bulan_bill`, `bulan_status`, `bulan_number_pay`, `bulan_date_pay`, `user_user_id`, `bulan_input_date`, `bulan_last_update`) VALUES
(1, 2, 1, 1, '10000', 1, '20241200001', '2024-12-12', 1, '2024-12-11 17:27:44', '2024-12-11 23:33:25'),
(2, 2, 1, 2, '10000', 1, '20241200002', '2024-12-12', 1, '2024-12-11 17:27:44', '2024-12-11 23:33:29'),
(3, 2, 1, 3, '10000', 1, '20241200003', '2024-12-12', 1, '2024-12-11 17:27:44', '2024-12-11 23:33:32'),
(4, 2, 1, 4, '10000', 1, '20241200004', '2024-12-12', 1, '2024-12-11 17:27:44', '2024-12-11 23:33:35'),
(5, 2, 1, 5, '10000', 1, '20241200005', '2024-12-18', 1, '2024-12-11 17:27:44', '2024-12-18 08:35:11'),
(6, 2, 1, 6, '10000', 1, '20241200006', '2024-12-18', 1, '2024-12-11 17:27:44', '2024-12-18 08:35:23'),
(7, 2, 1, 7, '10000', 1, '20241200007', '2024-12-25', 1, '2024-12-11 17:27:44', '2024-12-25 02:49:11'),
(8, 2, 1, 8, '10000', 1, '20241200008', '2024-12-25', 1, '2024-12-11 17:27:44', '2024-12-25 02:56:15'),
(9, 2, 1, 9, '10000', 1, '20241200009', '2024-12-31', 1, '2024-12-11 17:27:44', '2024-12-30 22:32:20'),
(10, 2, 1, 10, '10000', 1, '20241200010', '2024-12-31', 1, '2024-12-11 17:27:44', '2024-12-30 23:13:47'),
(11, 2, 1, 11, '10000', 1, '20250100008', '2025-01-01', 1, '2024-12-11 17:27:44', '2025-01-01 14:35:02'),
(12, 2, 1, 12, '10000', 0, NULL, NULL, NULL, '2024-12-11 17:27:44', '2024-12-11 17:27:44'),
(25, 4, 1, 1, '100000', 1, '20250100002', '2025-01-01', 1, '2024-12-31 22:16:30', '2024-12-31 22:16:50'),
(26, 4, 1, 2, '100000', 1, '20250100003', '2025-01-01', 1, '2024-12-31 22:16:30', '2024-12-31 22:28:01'),
(27, 4, 1, 3, '100000', 1, '20250100004', '2025-01-01', 1, '2024-12-31 22:16:30', '2024-12-31 22:28:05'),
(28, 4, 1, 4, '100000', 1, '20250100005', '2025-01-01', 1, '2024-12-31 22:16:30', '2024-12-31 22:28:09'),
(29, 4, 1, 5, '100000', 1, '20250100006', '2025-01-01', 1, '2024-12-31 22:16:30', '2024-12-31 22:28:14'),
(30, 4, 1, 6, '100000', 1, '20250100015', '2025-01-02', 1, '2024-12-31 22:16:30', '2025-01-02 11:37:33'),
(31, 4, 1, 7, '100000', 1, '20250100017', '2025-01-02', 1, '2024-12-31 22:16:30', '2025-01-02 11:47:23'),
(32, 4, 1, 8, '100000', 0, NULL, NULL, NULL, '2024-12-31 22:16:30', '2024-12-31 22:16:30'),
(33, 4, 1, 9, '100000', 0, NULL, NULL, NULL, '2024-12-31 22:16:30', '2024-12-31 22:16:30'),
(34, 4, 1, 10, '100000', 0, NULL, NULL, NULL, '2024-12-31 22:16:30', '2024-12-31 22:16:30'),
(35, 4, 1, 11, '100000', 0, NULL, NULL, NULL, '2024-12-31 22:16:30', '2024-12-31 22:16:30'),
(36, 4, 1, 12, '100000', 1, '20250100016', '2025-01-02', 1, '2024-12-31 22:16:30', '2025-01-02 11:37:43'),
(37, 5, 1, 1, '30000', 1, '20250100009', '2025-01-01', 1, '2025-01-01 05:00:08', '2025-01-01 14:41:03'),
(38, 5, 1, 2, '30000', 1, '20250100010', '2025-01-02', 1, '2025-01-01 05:00:08', '2025-01-02 11:27:38'),
(39, 5, 1, 3, '30000', 1, '20250100011', '2025-01-02', 1, '2025-01-01 05:00:08', '2025-01-02 11:27:43'),
(40, 5, 1, 4, '30000', 1, '20250100012', '2025-01-02', 1, '2025-01-01 05:00:08', '2025-01-02 11:27:51'),
(41, 5, 1, 5, '30000', 1, '20250100018', '2025-01-03', 1, '2025-01-01 05:00:08', '2025-01-03 06:21:37'),
(42, 5, 1, 6, '30000', 1, '20250100021', '2025-01-03', 1, '2025-01-01 05:00:08', '2025-01-03 06:49:35'),
(43, 5, 1, 7, '30000', 1, '20250100022', '2025-01-03', 1, '2025-01-01 05:00:08', '2025-01-03 06:49:37'),
(44, 5, 1, 8, '30000', 1, '20250100023', '2025-01-03', 1, '2025-01-01 05:00:08', '2025-01-03 06:49:47'),
(45, 5, 1, 9, '30000', 1, '20250100030', '2025-01-04', 1, '2025-01-01 05:00:08', '2025-01-04 01:54:33'),
(46, 5, 1, 10, '30000', 1, '20250100033', '2025-01-04', 1, '2025-01-01 05:00:08', '2025-01-04 11:48:20'),
(47, 5, 1, 11, '30000', 1, '20250100034', '2025-01-04', 1, '2025-01-01 05:00:08', '2025-01-04 11:48:23'),
(48, 5, 1, 12, '30000', 1, '20250100035', '2025-01-04', 1, '2025-01-01 05:00:08', '2025-01-04 11:48:26'),
(49, 6, 1, 1, '50000', 1, '20250100036', '2025-01-04', 1, '2025-01-03 10:57:04', '2025-01-04 16:50:40'),
(50, 6, 1, 2, '50000', 0, '20250100028', '2025-01-03', 1, '2025-01-03 10:57:04', '2025-01-04 11:40:54'),
(51, 6, 1, 3, '50000', 0, '20250100029', '2025-01-03', 1, '2025-01-03 10:57:04', '2025-01-04 11:40:51'),
(52, 6, 1, 4, '50000', 0, NULL, NULL, NULL, '2025-01-03 10:57:04', '2025-01-03 10:57:04'),
(53, 6, 1, 5, '50000', 0, NULL, NULL, NULL, '2025-01-03 10:57:04', '2025-01-03 10:57:04'),
(54, 6, 1, 6, '50000', 0, NULL, NULL, NULL, '2025-01-03 10:57:04', '2025-01-03 10:57:04'),
(55, 6, 1, 7, '50000', 0, NULL, NULL, NULL, '2025-01-03 10:57:04', '2025-01-03 10:57:04'),
(56, 6, 1, 8, '50000', 0, NULL, NULL, NULL, '2025-01-03 10:57:04', '2025-01-03 10:57:04'),
(57, 6, 1, 9, '50000', 0, NULL, NULL, NULL, '2025-01-03 10:57:04', '2025-01-03 10:57:04'),
(58, 6, 1, 10, '50000', 0, NULL, NULL, NULL, '2025-01-03 10:57:04', '2025-01-03 10:57:04'),
(59, 6, 1, 11, '50000', 0, NULL, NULL, NULL, '2025-01-03 10:57:04', '2025-01-03 10:57:04'),
(60, 6, 1, 12, '50000', 0, NULL, NULL, NULL, '2025-01-03 10:57:04', '2025-01-03 10:57:04'),
(133, 8, 1, 1, '50000', 1, '20250100126', '2025-01-07', 1, '2025-01-05 23:23:39', '2025-01-11 02:32:29'),
(134, 8, 1, 2, '50000', 1, '20250100127', '2025-01-07', 1, '2025-01-05 23:23:39', '2025-01-11 02:32:29'),
(135, 8, 1, 3, '50000', 1, '20250100128', '2025-01-07', 1, '2025-01-05 23:23:39', '2025-01-11 02:32:29'),
(136, 8, 1, 4, '50000', 1, '20250100148', '2025-01-14', 1, '2025-01-05 23:23:39', '2025-01-14 03:50:42'),
(137, 8, 1, 5, '50000', 1, '20250200361', '2025-02-24', 1, '2025-01-05 23:23:39', '2025-02-24 11:37:56'),
(138, 8, 1, 6, '50000', 1, '20250200365', '2025-02-27', 1, '2025-01-05 23:23:39', '2025-02-26 19:44:13'),
(139, 8, 1, 7, '50000', 1, '20250200366', '2025-02-27', 1, '2025-01-05 23:23:39', '2025-02-26 19:44:13'),
(140, 8, 1, 8, '50000', 1, '20250200368', '2025-02-27', 1, '2025-01-05 23:23:39', '2025-02-26 19:45:59'),
(141, 8, 1, 9, '50000', 1, '20250300378', '2025-03-06', 1, '2025-01-05 23:23:39', '2025-03-06 20:20:11'),
(142, 8, 1, 10, '50000', 0, NULL, NULL, NULL, '2025-01-05 23:23:39', '2025-01-11 02:32:29'),
(143, 8, 1, 11, '50000', 0, NULL, NULL, NULL, '2025-01-05 23:23:39', '2025-01-11 02:32:29'),
(144, 8, 1, 12, '50000', 0, NULL, NULL, NULL, '2025-01-05 23:23:39', '2025-01-11 02:32:29'),
(457, 8, 5, 1, '1000000', 1, '20250100119', '2025-01-07', 1, '2025-01-07 04:02:25', '2025-01-07 04:02:43'),
(458, 8, 5, 2, '1000000', 1, '20250100120', '2025-01-07', 1, '2025-01-07 04:02:25', '2025-01-07 04:02:43'),
(459, 8, 5, 3, '1000000', 1, '20250100121', '2025-01-07', 1, '2025-01-07 04:02:25', '2025-01-07 04:02:43'),
(460, 8, 5, 4, '1000000', 1, '20250100122', '2025-01-07', 1, '2025-01-07 04:02:25', '2025-01-07 04:04:32'),
(461, 8, 5, 5, '1000000', 1, '20250100123', '2025-01-07', 1, '2025-01-07 04:02:25', '2025-01-07 04:04:32'),
(462, 8, 5, 6, '1000000', 1, '20250100124', '2025-01-07', 1, '2025-01-07 04:02:25', '2025-01-07 06:04:18'),
(463, 8, 5, 7, '1000000', 1, '20250100125', '2025-01-07', 1, '2025-01-07 04:02:25', '2025-01-07 06:04:18'),
(464, 8, 5, 8, '1000000', 0, NULL, NULL, NULL, '2025-01-07 04:02:25', '2025-01-07 04:02:25'),
(465, 8, 5, 9, '1000000', 0, NULL, NULL, NULL, '2025-01-07 04:02:25', '2025-01-07 04:02:25'),
(466, 8, 5, 10, '1000000', 0, NULL, NULL, NULL, '2025-01-07 04:02:25', '2025-01-07 04:02:25'),
(467, 8, 5, 11, '1000000', 0, NULL, NULL, NULL, '2025-01-07 04:02:25', '2025-01-07 04:02:25'),
(468, 8, 5, 12, '0', 0, NULL, NULL, NULL, '2025-01-07 04:02:25', '2025-01-07 04:02:25'),
(469, 7, 5, 1, '1000000', 0, NULL, NULL, NULL, '2025-01-07 04:02:25', '2025-01-07 04:02:25'),
(470, 7, 5, 2, '1000000', 0, NULL, NULL, NULL, '2025-01-07 04:02:25', '2025-01-07 04:02:25'),
(471, 7, 5, 3, '1000000', 0, NULL, NULL, NULL, '2025-01-07 04:02:25', '2025-01-07 04:02:25'),
(472, 7, 5, 4, '1000000', 0, NULL, NULL, NULL, '2025-01-07 04:02:25', '2025-01-07 04:02:25'),
(473, 7, 5, 5, '1000000', 0, NULL, NULL, NULL, '2025-01-07 04:02:25', '2025-01-07 04:02:25'),
(474, 7, 5, 6, '1000000', 0, NULL, NULL, NULL, '2025-01-07 04:02:25', '2025-01-07 04:02:25'),
(475, 7, 5, 7, '1000000', 0, NULL, NULL, NULL, '2025-01-07 04:02:25', '2025-01-07 04:02:25'),
(476, 7, 5, 8, '1000000', 0, NULL, NULL, NULL, '2025-01-07 04:02:25', '2025-01-07 04:02:25'),
(477, 7, 5, 9, '1000000', 0, NULL, NULL, NULL, '2025-01-07 04:02:25', '2025-01-07 04:02:25'),
(478, 7, 5, 10, '1000000', 0, NULL, NULL, NULL, '2025-01-07 04:02:25', '2025-01-07 04:02:25'),
(479, 7, 5, 11, '1000000', 0, NULL, NULL, NULL, '2025-01-07 04:02:25', '2025-01-07 04:02:25'),
(480, 7, 5, 12, '0', 0, NULL, NULL, NULL, '2025-01-07 04:02:25', '2025-01-07 04:02:25'),
(481, 6, 5, 1, '1000000', 1, '20250100134', '2025-01-08', 1, '2025-01-07 04:02:25', '2025-01-07 17:26:33'),
(482, 6, 5, 2, '1000000', 1, '20250100135', '2025-01-08', 1, '2025-01-07 04:02:25', '2025-01-07 17:26:33'),
(483, 6, 5, 3, '1000000', 1, '20250100136', '2025-01-08', 1, '2025-01-07 04:02:25', '2025-01-07 17:26:33'),
(484, 6, 5, 4, '1000000', 0, NULL, NULL, NULL, '2025-01-07 04:02:25', '2025-01-07 04:02:25'),
(485, 6, 5, 5, '1000000', 0, NULL, NULL, NULL, '2025-01-07 04:02:25', '2025-01-07 04:02:25'),
(486, 6, 5, 6, '1000000', 0, NULL, NULL, NULL, '2025-01-07 04:02:25', '2025-01-07 04:02:25'),
(487, 6, 5, 7, '1000000', 0, NULL, NULL, NULL, '2025-01-07 04:02:25', '2025-01-07 04:02:25'),
(488, 6, 5, 8, '1000000', 0, NULL, NULL, NULL, '2025-01-07 04:02:25', '2025-01-07 04:02:25'),
(489, 6, 5, 9, '1000000', 0, NULL, NULL, NULL, '2025-01-07 04:02:25', '2025-01-07 04:02:25'),
(490, 6, 5, 10, '1000000', 0, NULL, NULL, NULL, '2025-01-07 04:02:25', '2025-01-07 04:02:25'),
(491, 6, 5, 11, '1000000', 0, NULL, NULL, NULL, '2025-01-07 04:02:25', '2025-01-07 04:02:25'),
(492, 6, 5, 12, '0', 0, NULL, NULL, NULL, '2025-01-07 04:02:25', '2025-01-07 04:02:25'),
(493, 1, 5, 1, '1000000', 0, NULL, NULL, NULL, '2025-01-07 04:02:25', '2025-01-07 04:02:25'),
(494, 1, 5, 2, '1000000', 0, NULL, NULL, NULL, '2025-01-07 04:02:25', '2025-01-07 04:02:25'),
(495, 1, 5, 3, '1000000', 0, NULL, NULL, NULL, '2025-01-07 04:02:25', '2025-01-07 04:02:25'),
(496, 1, 5, 4, '1000000', 0, NULL, NULL, NULL, '2025-01-07 04:02:25', '2025-01-07 04:02:25'),
(497, 1, 5, 5, '1000000', 0, NULL, NULL, NULL, '2025-01-07 04:02:25', '2025-01-07 04:02:25'),
(498, 1, 5, 6, '1000000', 0, NULL, NULL, NULL, '2025-01-07 04:02:25', '2025-01-07 04:02:25'),
(499, 1, 5, 7, '1000000', 0, NULL, NULL, NULL, '2025-01-07 04:02:25', '2025-01-07 04:02:25'),
(500, 1, 5, 8, '1000000', 0, NULL, NULL, NULL, '2025-01-07 04:02:25', '2025-01-07 04:02:25'),
(501, 1, 5, 9, '1000000', 0, NULL, NULL, NULL, '2025-01-07 04:02:25', '2025-01-07 04:02:25'),
(502, 1, 5, 10, '1000000', 0, NULL, NULL, NULL, '2025-01-07 04:02:25', '2025-01-07 04:02:25'),
(503, 1, 5, 11, '1000000', 0, NULL, NULL, NULL, '2025-01-07 04:02:25', '2025-01-07 04:02:25'),
(504, 1, 5, 12, '0', 0, NULL, NULL, NULL, '2025-01-07 04:02:25', '2025-01-07 04:02:25'),
(505, 2, 5, 1, '1000000', 0, NULL, NULL, NULL, '2025-01-07 04:02:25', '2025-01-07 04:02:25'),
(506, 2, 5, 2, '1000000', 0, NULL, NULL, NULL, '2025-01-07 04:02:25', '2025-01-07 04:02:25'),
(507, 2, 5, 3, '1000000', 0, NULL, NULL, NULL, '2025-01-07 04:02:25', '2025-01-07 04:02:25'),
(508, 2, 5, 4, '1000000', 0, NULL, NULL, NULL, '2025-01-07 04:02:25', '2025-01-07 04:02:25'),
(509, 2, 5, 5, '1000000', 0, NULL, NULL, NULL, '2025-01-07 04:02:25', '2025-01-07 04:02:25'),
(510, 2, 5, 6, '1000000', 0, NULL, NULL, NULL, '2025-01-07 04:02:25', '2025-01-07 04:02:25'),
(511, 2, 5, 7, '1000000', 0, NULL, NULL, NULL, '2025-01-07 04:02:25', '2025-01-07 04:02:25'),
(512, 2, 5, 8, '1000000', 0, NULL, NULL, NULL, '2025-01-07 04:02:25', '2025-01-07 04:02:25'),
(513, 2, 5, 9, '1000000', 0, NULL, NULL, NULL, '2025-01-07 04:02:25', '2025-01-07 04:02:25'),
(514, 2, 5, 10, '1000000', 0, NULL, NULL, NULL, '2025-01-07 04:02:25', '2025-01-07 04:02:25'),
(515, 2, 5, 11, '1000000', 0, NULL, NULL, NULL, '2025-01-07 04:02:25', '2025-01-07 04:02:25'),
(516, 2, 5, 12, '0', 0, NULL, NULL, NULL, '2025-01-07 04:02:25', '2025-01-07 04:02:25'),
(517, 13, 3, 1, '50000', 1, '20250200258', '2025-02-05', 1, '2025-02-05 01:45:31', '2025-02-05 01:46:34'),
(518, 13, 3, 2, '50000', 1, '20250200259', '2025-02-05', 1, '2025-02-05 01:45:31', '2025-02-05 01:46:51'),
(519, 13, 3, 3, '50000', 1, '20250200260', '2025-02-05', 1, '2025-02-05 01:45:31', '2025-02-05 01:50:56'),
(520, 13, 3, 4, '50000', 1, '20250200261', '2025-02-05', 1, '2025-02-05 01:45:31', '2025-02-05 01:52:33'),
(521, 13, 3, 5, '50000', 1, '20250200262', '2025-02-05', 1, '2025-02-05 01:45:31', '2025-02-05 01:53:59'),
(522, 13, 3, 6, '50000', 1, '20250200263', '2025-02-05', 1, '2025-02-05 01:45:31', '2025-02-05 01:54:12'),
(523, 13, 3, 7, '50000', 1, '20250200267', '2025-02-05', 1, '2025-02-05 01:45:31', '2025-02-05 09:16:22'),
(524, 13, 3, 8, '50000', 1, '20250200268', '2025-02-05', 1, '2025-02-05 01:45:31', '2025-02-05 09:17:13'),
(525, 13, 3, 9, '50000', 1, '20250200269', '2025-02-05', 1, '2025-02-05 01:45:31', '2025-02-05 09:17:13'),
(526, 13, 3, 10, '50000', 0, NULL, NULL, NULL, '2025-02-05 01:45:31', '2025-02-05 01:45:31'),
(527, 13, 3, 11, '50000', 0, NULL, NULL, NULL, '2025-02-05 01:45:31', '2025-02-05 01:45:31'),
(528, 13, 3, 12, '50000', 0, NULL, NULL, NULL, '2025-02-05 01:45:31', '2025-02-05 01:45:31'),
(529, 4, 3, 1, '50000', 0, NULL, NULL, NULL, '2025-02-05 01:45:31', '2025-02-05 01:45:31'),
(530, 4, 3, 2, '50000', 0, NULL, NULL, NULL, '2025-02-05 01:45:31', '2025-02-05 01:45:31'),
(531, 4, 3, 3, '50000', 0, NULL, NULL, NULL, '2025-02-05 01:45:31', '2025-02-05 01:45:31'),
(532, 4, 3, 4, '50000', 0, NULL, NULL, NULL, '2025-02-05 01:45:31', '2025-02-05 01:45:31'),
(533, 4, 3, 5, '50000', 0, NULL, NULL, NULL, '2025-02-05 01:45:31', '2025-02-05 01:45:31'),
(534, 4, 3, 6, '50000', 0, NULL, NULL, NULL, '2025-02-05 01:45:31', '2025-02-05 01:45:31'),
(535, 4, 3, 7, '50000', 0, NULL, NULL, NULL, '2025-02-05 01:45:31', '2025-02-05 01:45:31'),
(536, 4, 3, 8, '50000', 0, NULL, NULL, NULL, '2025-02-05 01:45:31', '2025-02-05 01:45:31'),
(537, 4, 3, 9, '50000', 0, NULL, NULL, NULL, '2025-02-05 01:45:31', '2025-02-05 01:45:31'),
(538, 4, 3, 10, '50000', 0, NULL, NULL, NULL, '2025-02-05 01:45:31', '2025-02-05 01:45:31'),
(539, 4, 3, 11, '50000', 0, NULL, NULL, NULL, '2025-02-05 01:45:31', '2025-02-05 01:45:31'),
(540, 4, 3, 12, '50000', 0, NULL, NULL, NULL, '2025-02-05 01:45:31', '2025-02-05 01:45:31'),
(541, 8, 3, 1, '50000', 1, '20250200257', '2025-02-05', 1, '2025-02-05 01:45:31', '2025-02-05 01:45:44'),
(542, 8, 3, 2, '50000', 1, '20250200264', '2025-02-05', 1, '2025-02-05 01:45:31', '2025-02-05 08:40:52'),
(543, 8, 3, 3, '50000', 1, '20250200265', '2025-02-05', 1, '2025-02-05 01:45:31', '2025-02-05 08:40:52'),
(544, 8, 3, 4, '50000', 1, '20250200266', '2025-02-05', 1, '2025-02-05 01:45:31', '2025-02-05 08:40:52'),
(545, 8, 3, 5, '50000', 1, '20250200273', '2025-02-05', 1, '2025-02-05 01:45:31', '2025-02-05 10:47:30'),
(546, 8, 3, 6, '50000', 1, '20250200337', '2025-02-19', 1, '2025-02-05 01:45:31', '2025-02-19 08:13:26'),
(547, 8, 3, 7, '50000', 1, '20250200338', '2025-02-19', 1, '2025-02-05 01:45:31', '2025-02-19 08:13:26'),
(548, 8, 3, 8, '50000', 1, '20250200339', '2025-02-19', 1, '2025-02-05 01:45:31', '2025-02-19 08:13:26'),
(549, 8, 3, 9, '50000', 1, '20250200340', '2025-02-19', 1, '2025-02-05 01:45:31', '2025-02-19 08:13:26'),
(550, 8, 3, 10, '50000', 1, '20250200341', '2025-02-19', 1, '2025-02-05 01:45:31', '2025-02-19 08:13:26'),
(551, 8, 3, 11, '50000', 1, '20250200342', '2025-02-19', 1, '2025-02-05 01:45:31', '2025-02-19 08:13:26'),
(552, 8, 3, 12, '50000', 1, '20250200343', '2025-02-19', 1, '2025-02-05 01:45:31', '2025-02-19 08:13:26'),
(553, 7, 3, 1, '50000', 0, NULL, NULL, NULL, '2025-02-05 01:45:31', '2025-02-05 01:45:31'),
(554, 7, 3, 2, '50000', 0, NULL, NULL, NULL, '2025-02-05 01:45:31', '2025-02-05 01:45:31'),
(555, 7, 3, 3, '50000', 0, NULL, NULL, NULL, '2025-02-05 01:45:31', '2025-02-05 01:45:31'),
(556, 7, 3, 4, '50000', 0, NULL, NULL, NULL, '2025-02-05 01:45:31', '2025-02-05 01:45:31'),
(557, 7, 3, 5, '50000', 0, NULL, NULL, NULL, '2025-02-05 01:45:31', '2025-02-05 01:45:31'),
(558, 7, 3, 6, '50000', 0, NULL, NULL, NULL, '2025-02-05 01:45:31', '2025-02-05 01:45:31'),
(559, 7, 3, 7, '50000', 0, NULL, NULL, NULL, '2025-02-05 01:45:31', '2025-02-05 01:45:31'),
(560, 7, 3, 8, '50000', 0, NULL, NULL, NULL, '2025-02-05 01:45:31', '2025-02-05 01:45:31'),
(561, 7, 3, 9, '50000', 0, NULL, NULL, NULL, '2025-02-05 01:45:31', '2025-02-05 01:45:31'),
(562, 7, 3, 10, '50000', 0, NULL, NULL, NULL, '2025-02-05 01:45:31', '2025-02-05 01:45:31'),
(563, 7, 3, 11, '50000', 0, NULL, NULL, NULL, '2025-02-05 01:45:31', '2025-02-05 01:45:31'),
(564, 7, 3, 12, '50000', 0, NULL, NULL, NULL, '2025-02-05 01:45:31', '2025-02-05 01:45:31'),
(565, 5, 3, 1, '50000', 0, NULL, NULL, NULL, '2025-02-05 01:45:31', '2025-02-05 01:45:31'),
(566, 5, 3, 2, '50000', 0, NULL, NULL, NULL, '2025-02-05 01:45:31', '2025-02-05 01:45:31'),
(567, 5, 3, 3, '50000', 0, NULL, NULL, NULL, '2025-02-05 01:45:31', '2025-02-05 01:45:31'),
(568, 5, 3, 4, '50000', 0, NULL, NULL, NULL, '2025-02-05 01:45:31', '2025-02-05 01:45:31'),
(569, 5, 3, 5, '50000', 0, NULL, NULL, NULL, '2025-02-05 01:45:31', '2025-02-05 01:45:31'),
(570, 5, 3, 6, '50000', 0, NULL, NULL, NULL, '2025-02-05 01:45:31', '2025-02-05 01:45:31'),
(571, 5, 3, 7, '50000', 0, NULL, NULL, NULL, '2025-02-05 01:45:31', '2025-02-05 01:45:31'),
(572, 5, 3, 8, '50000', 0, NULL, NULL, NULL, '2025-02-05 01:45:31', '2025-02-05 01:45:31'),
(573, 5, 3, 9, '50000', 0, NULL, NULL, NULL, '2025-02-05 01:45:31', '2025-02-05 01:45:31'),
(574, 5, 3, 10, '50000', 0, NULL, NULL, NULL, '2025-02-05 01:45:31', '2025-02-05 01:45:31'),
(575, 5, 3, 11, '50000', 0, NULL, NULL, NULL, '2025-02-05 01:45:31', '2025-02-05 01:45:31'),
(576, 5, 3, 12, '50000', 0, NULL, NULL, NULL, '2025-02-05 01:45:31', '2025-02-05 01:45:31'),
(577, 11, 3, 1, '50000', 0, NULL, NULL, NULL, '2025-02-05 01:45:31', '2025-02-05 01:45:31'),
(578, 11, 3, 2, '50000', 0, NULL, NULL, NULL, '2025-02-05 01:45:31', '2025-02-05 01:45:31'),
(579, 11, 3, 3, '50000', 0, NULL, NULL, NULL, '2025-02-05 01:45:31', '2025-02-05 01:45:31'),
(580, 11, 3, 4, '50000', 0, NULL, NULL, NULL, '2025-02-05 01:45:31', '2025-02-05 01:45:31'),
(581, 11, 3, 5, '50000', 0, NULL, NULL, NULL, '2025-02-05 01:45:31', '2025-02-05 01:45:31'),
(582, 11, 3, 6, '50000', 0, NULL, NULL, NULL, '2025-02-05 01:45:31', '2025-02-05 01:45:31'),
(583, 11, 3, 7, '50000', 0, NULL, NULL, NULL, '2025-02-05 01:45:31', '2025-02-05 01:45:31'),
(584, 11, 3, 8, '50000', 0, NULL, NULL, NULL, '2025-02-05 01:45:31', '2025-02-05 01:45:31'),
(585, 11, 3, 9, '50000', 0, NULL, NULL, NULL, '2025-02-05 01:45:31', '2025-02-05 01:45:31'),
(586, 11, 3, 10, '50000', 0, NULL, NULL, NULL, '2025-02-05 01:45:31', '2025-02-05 01:45:31'),
(587, 11, 3, 11, '50000', 0, NULL, NULL, NULL, '2025-02-05 01:45:31', '2025-02-05 01:45:31'),
(588, 11, 3, 12, '50000', 0, NULL, NULL, NULL, '2025-02-05 01:45:31', '2025-02-05 01:45:31'),
(589, 10, 3, 1, '50000', 1, '20250200332', '2025-02-18', 1, '2025-02-05 01:45:31', '2025-02-18 06:04:51'),
(590, 10, 3, 2, '50000', 1, '20250200333', '2025-02-18', 1, '2025-02-05 01:45:31', '2025-02-18 06:04:51'),
(591, 10, 3, 3, '50000', 1, '20250200334', '2025-02-18', 1, '2025-02-05 01:45:31', '2025-02-18 06:04:51'),
(592, 10, 3, 4, '50000', 1, '20250200335', '2025-02-18', 1, '2025-02-05 01:45:31', '2025-02-18 06:04:51'),
(593, 10, 3, 5, '50000', 1, '20250200336', '2025-02-18', 1, '2025-02-05 01:45:31', '2025-02-18 06:04:51'),
(594, 10, 3, 6, '50000', 1, '20250200344', '2025-02-19', 1, '2025-02-05 01:45:31', '2025-02-19 16:45:57'),
(595, 10, 3, 7, '50000', 1, '20250200345', '2025-02-19', 1, '2025-02-05 01:45:31', '2025-02-19 16:45:57'),
(596, 10, 3, 8, '50000', 1, '20250200346', '2025-02-19', 1, '2025-02-05 01:45:31', '2025-02-19 16:45:57'),
(597, 10, 3, 9, '50000', 1, '20250200347', '2025-02-19', 1, '2025-02-05 01:45:31', '2025-02-19 16:45:57'),
(598, 10, 3, 10, '50000', 1, '20250200348', '2025-02-19', 1, '2025-02-05 01:45:31', '2025-02-19 16:45:57'),
(599, 10, 3, 11, '50000', 1, '20250200349', '2025-02-19', 1, '2025-02-05 01:45:31', '2025-02-19 16:45:57'),
(600, 10, 3, 12, '50000', 1, '20250200350', '2025-02-19', 1, '2025-02-05 01:45:31', '2025-02-19 16:45:57'),
(601, 1, 3, 1, '50000', 0, NULL, NULL, NULL, '2025-02-05 01:45:31', '2025-02-05 01:45:31'),
(602, 1, 3, 2, '50000', 0, NULL, NULL, NULL, '2025-02-05 01:45:31', '2025-02-05 01:45:31'),
(603, 1, 3, 3, '50000', 0, NULL, NULL, NULL, '2025-02-05 01:45:31', '2025-02-05 01:45:31'),
(604, 1, 3, 4, '50000', 0, NULL, NULL, NULL, '2025-02-05 01:45:31', '2025-02-05 01:45:31'),
(605, 1, 3, 5, '50000', 0, NULL, NULL, NULL, '2025-02-05 01:45:31', '2025-02-05 01:45:31'),
(606, 1, 3, 6, '50000', 0, NULL, NULL, NULL, '2025-02-05 01:45:31', '2025-02-05 01:45:31'),
(607, 1, 3, 7, '50000', 0, NULL, NULL, NULL, '2025-02-05 01:45:31', '2025-02-05 01:45:31'),
(608, 1, 3, 8, '50000', 0, NULL, NULL, NULL, '2025-02-05 01:45:31', '2025-02-05 01:45:31'),
(609, 1, 3, 9, '50000', 0, NULL, NULL, NULL, '2025-02-05 01:45:31', '2025-02-05 01:45:31'),
(610, 1, 3, 10, '50000', 0, NULL, NULL, NULL, '2025-02-05 01:45:31', '2025-02-05 01:45:31'),
(611, 1, 3, 11, '50000', 0, NULL, NULL, NULL, '2025-02-05 01:45:31', '2025-02-05 01:45:31'),
(612, 1, 3, 12, '50000', 0, NULL, NULL, NULL, '2025-02-05 01:45:31', '2025-02-05 01:45:31'),
(613, 2, 3, 1, '50000', 0, NULL, NULL, NULL, '2025-02-05 01:45:31', '2025-02-05 01:45:31'),
(614, 2, 3, 2, '50000', 0, NULL, NULL, NULL, '2025-02-05 01:45:31', '2025-02-05 01:45:31'),
(615, 2, 3, 3, '50000', 0, NULL, NULL, NULL, '2025-02-05 01:45:31', '2025-02-05 01:45:31'),
(616, 2, 3, 4, '50000', 0, NULL, NULL, NULL, '2025-02-05 01:45:31', '2025-02-05 01:45:31'),
(617, 2, 3, 5, '50000', 0, NULL, NULL, NULL, '2025-02-05 01:45:31', '2025-02-05 01:45:31'),
(618, 2, 3, 6, '50000', 0, NULL, NULL, NULL, '2025-02-05 01:45:31', '2025-02-05 01:45:31'),
(619, 2, 3, 7, '50000', 0, NULL, NULL, NULL, '2025-02-05 01:45:31', '2025-02-05 01:45:31'),
(620, 2, 3, 8, '50000', 0, NULL, NULL, NULL, '2025-02-05 01:45:31', '2025-02-05 01:45:31'),
(621, 2, 3, 9, '50000', 0, NULL, NULL, NULL, '2025-02-05 01:45:31', '2025-02-05 01:45:31'),
(622, 2, 3, 10, '50000', 0, NULL, NULL, NULL, '2025-02-05 01:45:31', '2025-02-05 01:45:31'),
(623, 2, 3, 11, '50000', 0, NULL, NULL, NULL, '2025-02-05 01:45:31', '2025-02-05 01:45:31'),
(624, 2, 3, 12, '50000', 0, NULL, NULL, NULL, '2025-02-05 01:45:31', '2025-02-05 01:45:31'),
(625, 6, 3, 1, '50000', 1, '20250200277', '2025-02-06', 1, '2025-02-05 01:45:31', '2025-02-06 10:30:31'),
(626, 6, 3, 2, '50000', 0, NULL, NULL, NULL, '2025-02-05 01:45:31', '2025-02-05 01:45:31'),
(627, 6, 3, 3, '50000', 0, NULL, NULL, NULL, '2025-02-05 01:45:31', '2025-02-05 01:45:31'),
(628, 6, 3, 4, '50000', 0, NULL, NULL, NULL, '2025-02-05 01:45:31', '2025-02-05 01:45:31'),
(629, 6, 3, 5, '50000', 0, NULL, NULL, NULL, '2025-02-05 01:45:31', '2025-02-05 01:45:31'),
(630, 6, 3, 6, '50000', 0, NULL, NULL, NULL, '2025-02-05 01:45:31', '2025-02-05 01:45:31'),
(631, 6, 3, 7, '50000', 0, NULL, NULL, NULL, '2025-02-05 01:45:31', '2025-02-05 01:45:31'),
(632, 6, 3, 8, '50000', 0, NULL, NULL, NULL, '2025-02-05 01:45:31', '2025-02-05 01:45:31'),
(633, 6, 3, 9, '50000', 0, NULL, NULL, NULL, '2025-02-05 01:45:31', '2025-02-05 01:45:31'),
(634, 6, 3, 10, '50000', 0, NULL, NULL, NULL, '2025-02-05 01:45:31', '2025-02-05 01:45:31'),
(635, 6, 3, 11, '50000', 0, NULL, NULL, NULL, '2025-02-05 01:45:31', '2025-02-05 01:45:31'),
(636, 6, 3, 12, '50000', 0, NULL, NULL, NULL, '2025-02-05 01:45:31', '2025-02-05 01:45:31'),
(637, 14, 3, 1, '250000', 1, '20250200330', '2025-02-11', 1, '2025-02-05 10:38:54', '2025-02-10 20:38:57'),
(638, 14, 3, 2, '250000', 1, '20250200331', '2025-02-14', 1, '2025-02-05 10:38:54', '2025-02-14 13:29:58'),
(639, 14, 3, 3, '250000', 1, '20250200325', '2025-02-07', 1, '2025-02-05 10:38:54', '2025-02-07 04:40:16'),
(640, 14, 3, 4, '250000', 1, '20250200305', '2025-02-06', 1, '2025-02-05 10:38:54', '2025-02-06 16:32:56'),
(641, 14, 3, 5, '250000', 1, '20250200291', '2025-02-06', 1, '2025-02-05 10:38:54', '2025-02-06 11:22:21'),
(642, 14, 3, 6, '250000', 1, '20250200292', '2025-02-06', 1, '2025-02-05 10:38:54', '2025-02-06 11:22:59'),
(643, 14, 3, 7, '250000', 1, '20250200280', '2025-02-06', 1, '2025-02-05 10:38:54', '2025-02-06 11:03:04'),
(644, 14, 3, 8, '250000', 1, '20250200281', '2025-02-06', 1, '2025-02-05 10:38:54', '2025-02-06 11:04:16'),
(645, 14, 3, 9, '250000', 1, '20250200283', '2025-02-06', 1, '2025-02-05 10:38:54', '2025-02-06 11:04:55'),
(646, 14, 3, 10, '250000', 1, '20250200284', '2025-02-06', 1, '2025-02-05 10:38:54', '2025-02-06 11:13:15'),
(647, 14, 3, 11, '250000', 1, '20250200285', '2025-02-06', 1, '2025-02-05 10:38:54', '2025-02-06 11:15:12'),
(648, 14, 3, 12, '250000', 1, '20250200286', '2025-02-06', 1, '2025-02-05 10:38:54', '2025-02-06 11:15:43'),
(649, 14, 9, 1, '65000', 1, '20250200351', '2025-02-20', 1, '2025-02-20 10:09:16', '2025-02-20 10:10:21'),
(650, 14, 9, 2, '65000', 1, '20250200352', '2025-02-20', 1, '2025-02-20 10:09:16', '2025-02-20 10:10:21'),
(651, 14, 9, 3, '65000', 1, '20250200353', '2025-02-21', 1, '2025-02-20 10:09:16', '2025-02-20 17:39:13'),
(652, 14, 9, 4, '65000', 1, '20250200354', '2025-02-21', 1, '2025-02-20 10:09:16', '2025-02-20 17:39:13'),
(653, 14, 9, 5, '65000', 1, '20250200355', '2025-02-21', 1, '2025-02-20 10:09:16', '2025-02-20 17:39:13'),
(654, 14, 9, 6, '65000', 1, '20250200371', '2025-02-28', 1, '2025-02-20 10:09:16', '2025-02-27 22:50:03'),
(655, 14, 9, 7, '65000', 1, '20250200372', '2025-02-28', 1, '2025-02-20 10:09:16', '2025-02-27 23:03:32'),
(656, 14, 9, 8, '65000', 1, '20250200376', '2025-02-28', 1, '2025-02-20 10:09:16', '2025-02-27 23:05:20'),
(657, 14, 9, 9, '65000', 0, NULL, NULL, NULL, '2025-02-20 10:09:16', '2025-02-20 10:09:16'),
(658, 14, 9, 10, '65000', 0, NULL, NULL, NULL, '2025-02-20 10:09:16', '2025-02-20 10:09:16'),
(659, 14, 9, 11, '65000', 0, NULL, NULL, NULL, '2025-02-20 10:09:16', '2025-02-20 10:09:16'),
(660, 14, 9, 12, '65000', 0, NULL, NULL, NULL, '2025-02-20 10:09:16', '2025-02-20 10:09:16'),
(661, 1, 9, 1, '65000', 0, NULL, NULL, NULL, '2025-02-20 10:09:16', '2025-02-20 10:09:16'),
(662, 1, 9, 2, '65000', 0, NULL, NULL, NULL, '2025-02-20 10:09:16', '2025-02-20 10:09:16'),
(663, 1, 9, 3, '65000', 0, NULL, NULL, NULL, '2025-02-20 10:09:16', '2025-02-20 10:09:16'),
(664, 1, 9, 4, '65000', 0, NULL, NULL, NULL, '2025-02-20 10:09:16', '2025-02-20 10:09:16'),
(665, 1, 9, 5, '65000', 0, NULL, NULL, NULL, '2025-02-20 10:09:16', '2025-02-20 10:09:16'),
(666, 1, 9, 6, '65000', 0, NULL, NULL, NULL, '2025-02-20 10:09:16', '2025-02-20 10:09:16'),
(667, 1, 9, 7, '65000', 0, NULL, NULL, NULL, '2025-02-20 10:09:16', '2025-02-20 10:09:16'),
(668, 1, 9, 8, '65000', 0, NULL, NULL, NULL, '2025-02-20 10:09:16', '2025-02-20 10:09:16'),
(669, 1, 9, 9, '65000', 0, NULL, NULL, NULL, '2025-02-20 10:09:16', '2025-02-20 10:09:16'),
(670, 1, 9, 10, '65000', 0, NULL, NULL, NULL, '2025-02-20 10:09:16', '2025-02-20 10:09:16'),
(671, 1, 9, 11, '65000', 0, NULL, NULL, NULL, '2025-02-20 10:09:16', '2025-02-20 10:09:16'),
(672, 1, 9, 12, '65000', 0, NULL, NULL, NULL, '2025-02-20 10:09:16', '2025-02-20 10:09:16'),
(673, 2, 9, 1, '65000', 0, NULL, NULL, NULL, '2025-02-20 10:09:16', '2025-02-20 10:09:16'),
(674, 2, 9, 2, '65000', 0, NULL, NULL, NULL, '2025-02-20 10:09:16', '2025-02-20 10:09:16'),
(675, 2, 9, 3, '65000', 0, NULL, NULL, NULL, '2025-02-20 10:09:16', '2025-02-20 10:09:16'),
(676, 2, 9, 4, '65000', 0, NULL, NULL, NULL, '2025-02-20 10:09:16', '2025-02-20 10:09:16'),
(677, 2, 9, 5, '65000', 0, NULL, NULL, NULL, '2025-02-20 10:09:16', '2025-02-20 10:09:16'),
(678, 2, 9, 6, '65000', 0, NULL, NULL, NULL, '2025-02-20 10:09:16', '2025-02-20 10:09:16'),
(679, 2, 9, 7, '65000', 0, NULL, NULL, NULL, '2025-02-20 10:09:16', '2025-02-20 10:09:16'),
(680, 2, 9, 8, '65000', 0, NULL, NULL, NULL, '2025-02-20 10:09:16', '2025-02-20 10:09:16'),
(681, 2, 9, 9, '65000', 0, NULL, NULL, NULL, '2025-02-20 10:09:16', '2025-02-20 10:09:16'),
(682, 2, 9, 10, '65000', 0, NULL, NULL, NULL, '2025-02-20 10:09:16', '2025-02-20 10:09:16'),
(683, 2, 9, 11, '65000', 0, NULL, NULL, NULL, '2025-02-20 10:09:16', '2025-02-20 10:09:16'),
(684, 2, 9, 12, '65000', 0, NULL, NULL, NULL, '2025-02-20 10:09:16', '2025-02-20 10:09:16'),
(685, 4, 9, 1, '65000', 0, NULL, NULL, NULL, '2025-02-20 10:09:16', '2025-02-20 10:09:16'),
(686, 4, 9, 2, '65000', 0, NULL, NULL, NULL, '2025-02-20 10:09:16', '2025-02-20 10:09:16'),
(687, 4, 9, 3, '65000', 0, NULL, NULL, NULL, '2025-02-20 10:09:16', '2025-02-20 10:09:16'),
(688, 4, 9, 4, '65000', 0, NULL, NULL, NULL, '2025-02-20 10:09:16', '2025-02-20 10:09:16'),
(689, 4, 9, 5, '65000', 0, NULL, NULL, NULL, '2025-02-20 10:09:16', '2025-02-20 10:09:16'),
(690, 4, 9, 6, '65000', 0, NULL, NULL, NULL, '2025-02-20 10:09:16', '2025-02-20 10:09:16'),
(691, 4, 9, 7, '65000', 0, NULL, NULL, NULL, '2025-02-20 10:09:16', '2025-02-20 10:09:16'),
(692, 4, 9, 8, '65000', 0, NULL, NULL, NULL, '2025-02-20 10:09:16', '2025-02-20 10:09:16'),
(693, 4, 9, 9, '65000', 0, NULL, NULL, NULL, '2025-02-20 10:09:16', '2025-02-20 10:09:16'),
(694, 4, 9, 10, '65000', 0, NULL, NULL, NULL, '2025-02-20 10:09:16', '2025-02-20 10:09:16'),
(695, 4, 9, 11, '65000', 0, NULL, NULL, NULL, '2025-02-20 10:09:16', '2025-02-20 10:09:16'),
(696, 4, 9, 12, '65000', 0, NULL, NULL, NULL, '2025-02-20 10:09:16', '2025-02-20 10:09:16'),
(697, 5, 9, 1, '65000', 0, NULL, NULL, NULL, '2025-02-20 10:09:16', '2025-02-20 10:09:16'),
(698, 5, 9, 2, '65000', 0, NULL, NULL, NULL, '2025-02-20 10:09:16', '2025-02-20 10:09:16'),
(699, 5, 9, 3, '65000', 0, NULL, NULL, NULL, '2025-02-20 10:09:16', '2025-02-20 10:09:16'),
(700, 5, 9, 4, '65000', 0, NULL, NULL, NULL, '2025-02-20 10:09:16', '2025-02-20 10:09:16'),
(701, 5, 9, 5, '65000', 0, NULL, NULL, NULL, '2025-02-20 10:09:16', '2025-02-20 10:09:16'),
(702, 5, 9, 6, '65000', 0, NULL, NULL, NULL, '2025-02-20 10:09:16', '2025-02-20 10:09:16'),
(703, 5, 9, 7, '65000', 0, NULL, NULL, NULL, '2025-02-20 10:09:16', '2025-02-20 10:09:16'),
(704, 5, 9, 8, '65000', 0, NULL, NULL, NULL, '2025-02-20 10:09:16', '2025-02-20 10:09:16'),
(705, 5, 9, 9, '65000', 0, NULL, NULL, NULL, '2025-02-20 10:09:16', '2025-02-20 10:09:16'),
(706, 5, 9, 10, '65000', 0, NULL, NULL, NULL, '2025-02-20 10:09:16', '2025-02-20 10:09:16'),
(707, 5, 9, 11, '65000', 0, NULL, NULL, NULL, '2025-02-20 10:09:16', '2025-02-20 10:09:16'),
(708, 5, 9, 12, '65000', 0, NULL, NULL, NULL, '2025-02-20 10:09:16', '2025-02-20 10:09:16'),
(709, 6, 9, 1, '65000', 0, NULL, NULL, NULL, '2025-02-20 10:09:16', '2025-02-20 10:09:16'),
(710, 6, 9, 2, '65000', 0, NULL, NULL, NULL, '2025-02-20 10:09:16', '2025-02-20 10:09:16'),
(711, 6, 9, 3, '65000', 0, NULL, NULL, NULL, '2025-02-20 10:09:16', '2025-02-20 10:09:16'),
(712, 6, 9, 4, '65000', 0, NULL, NULL, NULL, '2025-02-20 10:09:16', '2025-02-20 10:09:16'),
(713, 6, 9, 5, '65000', 0, NULL, NULL, NULL, '2025-02-20 10:09:16', '2025-02-20 10:09:16'),
(714, 6, 9, 6, '65000', 0, NULL, NULL, NULL, '2025-02-20 10:09:16', '2025-02-20 10:09:16'),
(715, 6, 9, 7, '65000', 0, NULL, NULL, NULL, '2025-02-20 10:09:16', '2025-02-20 10:09:16'),
(716, 6, 9, 8, '65000', 0, NULL, NULL, NULL, '2025-02-20 10:09:16', '2025-02-20 10:09:16'),
(717, 6, 9, 9, '65000', 0, NULL, NULL, NULL, '2025-02-20 10:09:16', '2025-02-20 10:09:16'),
(718, 6, 9, 10, '65000', 0, NULL, NULL, NULL, '2025-02-20 10:09:16', '2025-02-20 10:09:16'),
(719, 6, 9, 11, '65000', 0, NULL, NULL, NULL, '2025-02-20 10:09:16', '2025-02-20 10:09:16'),
(720, 6, 9, 12, '65000', 0, NULL, NULL, NULL, '2025-02-20 10:09:16', '2025-02-20 10:09:16'),
(721, 7, 9, 1, '65000', 0, NULL, NULL, NULL, '2025-02-20 10:09:16', '2025-02-20 10:09:16'),
(722, 7, 9, 2, '65000', 0, NULL, NULL, NULL, '2025-02-20 10:09:16', '2025-02-20 10:09:16'),
(723, 7, 9, 3, '65000', 0, NULL, NULL, NULL, '2025-02-20 10:09:16', '2025-02-20 10:09:16'),
(724, 7, 9, 4, '65000', 0, NULL, NULL, NULL, '2025-02-20 10:09:16', '2025-02-20 10:09:16'),
(725, 7, 9, 5, '65000', 0, NULL, NULL, NULL, '2025-02-20 10:09:16', '2025-02-20 10:09:16'),
(726, 7, 9, 6, '65000', 0, NULL, NULL, NULL, '2025-02-20 10:09:16', '2025-02-20 10:09:16'),
(727, 7, 9, 7, '65000', 0, NULL, NULL, NULL, '2025-02-20 10:09:16', '2025-02-20 10:09:16'),
(728, 7, 9, 8, '65000', 0, NULL, NULL, NULL, '2025-02-20 10:09:16', '2025-02-20 10:09:16'),
(729, 7, 9, 9, '65000', 0, NULL, NULL, NULL, '2025-02-20 10:09:16', '2025-02-20 10:09:16'),
(730, 7, 9, 10, '65000', 0, NULL, NULL, NULL, '2025-02-20 10:09:16', '2025-02-20 10:09:16'),
(731, 7, 9, 11, '65000', 0, NULL, NULL, NULL, '2025-02-20 10:09:16', '2025-02-20 10:09:16'),
(732, 7, 9, 12, '65000', 0, NULL, NULL, NULL, '2025-02-20 10:09:16', '2025-02-20 10:09:16'),
(745, 10, 9, 1, '65000', 0, NULL, NULL, NULL, '2025-02-20 10:09:16', '2025-02-20 10:09:16'),
(746, 10, 9, 2, '65000', 0, NULL, NULL, NULL, '2025-02-20 10:09:16', '2025-02-20 10:09:16'),
(747, 10, 9, 3, '65000', 0, NULL, NULL, NULL, '2025-02-20 10:09:16', '2025-02-20 10:09:16'),
(748, 10, 9, 4, '65000', 0, NULL, NULL, NULL, '2025-02-20 10:09:16', '2025-02-20 10:09:16'),
(749, 10, 9, 5, '65000', 0, NULL, NULL, NULL, '2025-02-20 10:09:16', '2025-02-20 10:09:16'),
(750, 10, 9, 6, '65000', 0, NULL, NULL, NULL, '2025-02-20 10:09:16', '2025-02-20 10:09:16'),
(751, 10, 9, 7, '65000', 0, NULL, NULL, NULL, '2025-02-20 10:09:16', '2025-02-20 10:09:16'),
(752, 10, 9, 8, '65000', 0, NULL, NULL, NULL, '2025-02-20 10:09:16', '2025-02-20 10:09:16'),
(753, 10, 9, 9, '65000', 0, NULL, NULL, NULL, '2025-02-20 10:09:16', '2025-02-20 10:09:16'),
(754, 10, 9, 10, '65000', 0, NULL, NULL, NULL, '2025-02-20 10:09:16', '2025-02-20 10:09:16'),
(755, 10, 9, 11, '65000', 0, NULL, NULL, NULL, '2025-02-20 10:09:16', '2025-02-20 10:09:16'),
(756, 10, 9, 12, '65000', 0, NULL, NULL, NULL, '2025-02-20 10:09:16', '2025-02-20 10:09:16'),
(757, 11, 9, 1, '65000', 0, NULL, NULL, NULL, '2025-02-20 10:09:16', '2025-02-20 10:09:16'),
(758, 11, 9, 2, '65000', 0, NULL, NULL, NULL, '2025-02-20 10:09:16', '2025-02-20 10:09:16'),
(759, 11, 9, 3, '65000', 0, NULL, NULL, NULL, '2025-02-20 10:09:16', '2025-02-20 10:09:16'),
(760, 11, 9, 4, '65000', 0, NULL, NULL, NULL, '2025-02-20 10:09:16', '2025-02-20 10:09:16'),
(761, 11, 9, 5, '65000', 0, NULL, NULL, NULL, '2025-02-20 10:09:16', '2025-02-20 10:09:16'),
(762, 11, 9, 6, '65000', 0, NULL, NULL, NULL, '2025-02-20 10:09:16', '2025-02-20 10:09:16'),
(763, 11, 9, 7, '65000', 0, NULL, NULL, NULL, '2025-02-20 10:09:16', '2025-02-20 10:09:16'),
(764, 11, 9, 8, '65000', 0, NULL, NULL, NULL, '2025-02-20 10:09:16', '2025-02-20 10:09:16'),
(765, 11, 9, 9, '65000', 0, NULL, NULL, NULL, '2025-02-20 10:09:16', '2025-02-20 10:09:16'),
(766, 11, 9, 10, '65000', 0, NULL, NULL, NULL, '2025-02-20 10:09:16', '2025-02-20 10:09:16'),
(767, 11, 9, 11, '65000', 0, NULL, NULL, NULL, '2025-02-20 10:09:16', '2025-02-20 10:09:16'),
(768, 11, 9, 12, '65000', 0, NULL, NULL, NULL, '2025-02-20 10:09:16', '2025-02-20 10:09:16'),
(769, 12, 9, 1, '65000', 0, NULL, NULL, NULL, '2025-02-20 10:09:16', '2025-02-20 10:09:16'),
(770, 12, 9, 2, '65000', 0, NULL, NULL, NULL, '2025-02-20 10:09:16', '2025-02-20 10:09:16'),
(771, 12, 9, 3, '65000', 0, NULL, NULL, NULL, '2025-02-20 10:09:16', '2025-02-20 10:09:16'),
(772, 12, 9, 4, '65000', 0, NULL, NULL, NULL, '2025-02-20 10:09:16', '2025-02-20 10:09:16'),
(773, 12, 9, 5, '65000', 0, NULL, NULL, NULL, '2025-02-20 10:09:16', '2025-02-20 10:09:16'),
(774, 12, 9, 6, '65000', 0, NULL, NULL, NULL, '2025-02-20 10:09:16', '2025-02-20 10:09:16'),
(775, 12, 9, 7, '65000', 0, NULL, NULL, NULL, '2025-02-20 10:09:17', '2025-02-20 10:09:17'),
(776, 12, 9, 8, '65000', 0, NULL, NULL, NULL, '2025-02-20 10:09:17', '2025-02-20 10:09:17'),
(777, 12, 9, 9, '65000', 0, NULL, NULL, NULL, '2025-02-20 10:09:17', '2025-02-20 10:09:17'),
(778, 12, 9, 10, '65000', 0, NULL, NULL, NULL, '2025-02-20 10:09:17', '2025-02-20 10:09:17'),
(779, 12, 9, 11, '65000', 0, NULL, NULL, NULL, '2025-02-20 10:09:17', '2025-02-20 10:09:17'),
(780, 12, 9, 12, '65000', 0, NULL, NULL, NULL, '2025-02-20 10:09:17', '2025-02-20 10:09:17'),
(781, 13, 9, 1, '65000', 1, '20250200369', '2025-02-27', 1, '2025-02-20 10:09:17', '2025-02-26 19:48:17'),
(782, 13, 9, 2, '65000', 0, NULL, NULL, NULL, '2025-02-20 10:09:17', '2025-02-20 10:09:17'),
(783, 13, 9, 3, '65000', 0, NULL, NULL, NULL, '2025-02-20 10:09:17', '2025-02-20 10:09:17'),
(784, 13, 9, 4, '65000', 0, NULL, NULL, NULL, '2025-02-20 10:09:17', '2025-02-20 10:09:17'),
(785, 13, 9, 5, '65000', 0, NULL, NULL, NULL, '2025-02-20 10:09:17', '2025-02-20 10:09:17'),
(786, 13, 9, 6, '65000', 0, NULL, NULL, NULL, '2025-02-20 10:09:17', '2025-02-20 10:09:17'),
(787, 13, 9, 7, '65000', 0, NULL, NULL, NULL, '2025-02-20 10:09:17', '2025-02-20 10:09:17'),
(788, 13, 9, 8, '65000', 0, NULL, NULL, NULL, '2025-02-20 10:09:17', '2025-02-20 10:09:17'),
(789, 13, 9, 9, '65000', 0, NULL, NULL, NULL, '2025-02-20 10:09:17', '2025-02-20 10:09:17'),
(790, 13, 9, 10, '65000', 0, NULL, NULL, NULL, '2025-02-20 10:09:17', '2025-02-20 10:09:17'),
(791, 13, 9, 11, '65000', 0, NULL, NULL, NULL, '2025-02-20 10:09:17', '2025-02-20 10:09:17'),
(792, 13, 9, 12, '65000', 0, NULL, NULL, NULL, '2025-02-20 10:09:17', '2025-02-20 10:09:17'),
(793, 9, 9, 1, '65000', 1, '20250200362', '2025-02-27', 1, '2025-02-20 10:09:17', '2025-02-26 19:41:30'),
(794, 9, 9, 2, '65000', 0, NULL, NULL, NULL, '2025-02-20 10:09:17', '2025-02-20 10:09:17'),
(795, 9, 9, 3, '65000', 0, NULL, NULL, NULL, '2025-02-20 10:09:17', '2025-02-20 10:09:17'),
(796, 9, 9, 4, '65000', 0, NULL, NULL, NULL, '2025-02-20 10:09:17', '2025-02-20 10:09:17'),
(797, 9, 9, 5, '65000', 0, NULL, NULL, NULL, '2025-02-20 10:09:17', '2025-02-20 10:09:17'),
(798, 9, 9, 6, '65000', 0, NULL, NULL, NULL, '2025-02-20 10:09:17', '2025-02-20 10:09:17'),
(799, 9, 9, 7, '65000', 0, NULL, NULL, NULL, '2025-02-20 10:09:17', '2025-02-20 10:09:17'),
(800, 9, 9, 8, '65000', 0, NULL, NULL, NULL, '2025-02-20 10:09:17', '2025-02-20 10:09:17'),
(801, 9, 9, 9, '65000', 0, NULL, NULL, NULL, '2025-02-20 10:09:17', '2025-02-20 10:09:17'),
(802, 9, 9, 10, '65000', 0, NULL, NULL, NULL, '2025-02-20 10:09:17', '2025-02-20 10:09:17'),
(803, 9, 9, 11, '65000', 0, NULL, NULL, NULL, '2025-02-20 10:09:17', '2025-02-20 10:09:17'),
(804, 9, 9, 12, '65000', 0, NULL, NULL, NULL, '2025-02-20 10:09:17', '2025-02-20 10:09:17'),
(805, 9, 10, 1, '100000', 0, NULL, NULL, NULL, '2025-02-22 13:18:41', '2025-02-22 13:18:41'),
(806, 9, 10, 2, '100000', 0, NULL, NULL, NULL, '2025-02-22 13:18:41', '2025-02-22 13:18:41'),
(807, 9, 10, 3, '100000', 0, NULL, NULL, NULL, '2025-02-22 13:18:41', '2025-02-22 13:18:41'),
(808, 9, 10, 4, '100000', 0, NULL, NULL, NULL, '2025-02-22 13:18:41', '2025-02-22 13:18:41'),
(809, 9, 10, 5, '100000', 0, NULL, NULL, NULL, '2025-02-22 13:18:41', '2025-02-22 13:18:41'),
(810, 9, 10, 6, '100000', 0, NULL, NULL, NULL, '2025-02-22 13:18:41', '2025-02-22 13:18:41'),
(811, 9, 10, 7, '100000', 0, NULL, NULL, NULL, '2025-02-22 13:18:41', '2025-02-22 13:18:41'),
(812, 9, 10, 8, '100000', 0, NULL, NULL, NULL, '2025-02-22 13:18:41', '2025-02-22 13:18:41'),
(813, 9, 10, 9, '100000', 0, NULL, NULL, NULL, '2025-02-22 13:18:41', '2025-02-22 13:18:41'),
(814, 9, 10, 10, '100000', 0, NULL, NULL, NULL, '2025-02-22 13:18:41', '2025-02-22 13:18:41'),
(815, 9, 10, 11, '100000', 0, NULL, NULL, NULL, '2025-02-22 13:18:41', '2025-02-22 13:18:41'),
(816, 9, 10, 12, '100000', 0, NULL, NULL, NULL, '2025-02-22 13:18:41', '2025-02-22 13:18:41'),
(817, 10, 10, 1, '100000', 0, NULL, NULL, NULL, '2025-02-22 13:18:41', '2025-02-22 13:18:41'),
(818, 10, 10, 2, '100000', 0, NULL, NULL, NULL, '2025-02-22 13:18:41', '2025-02-22 13:18:41'),
(819, 10, 10, 3, '100000', 0, NULL, NULL, NULL, '2025-02-22 13:18:41', '2025-02-22 13:18:41'),
(820, 10, 10, 4, '100000', 0, NULL, NULL, NULL, '2025-02-22 13:18:41', '2025-02-22 13:18:41'),
(821, 10, 10, 5, '100000', 0, NULL, NULL, NULL, '2025-02-22 13:18:41', '2025-02-22 13:18:41'),
(822, 10, 10, 6, '100000', 0, NULL, NULL, NULL, '2025-02-22 13:18:41', '2025-02-22 13:18:41'),
(823, 10, 10, 7, '100000', 0, NULL, NULL, NULL, '2025-02-22 13:18:41', '2025-02-22 13:18:41'),
(824, 10, 10, 8, '100000', 0, NULL, NULL, NULL, '2025-02-22 13:18:41', '2025-02-22 13:18:41'),
(825, 10, 10, 9, '100000', 0, NULL, NULL, NULL, '2025-02-22 13:18:41', '2025-02-22 13:18:41'),
(826, 10, 10, 10, '100000', 0, NULL, NULL, NULL, '2025-02-22 13:18:41', '2025-02-22 13:18:41'),
(827, 10, 10, 11, '100000', 0, NULL, NULL, NULL, '2025-02-22 13:18:41', '2025-02-22 13:18:41'),
(828, 10, 10, 12, '100000', 0, NULL, NULL, NULL, '2025-02-22 13:18:41', '2025-02-22 13:18:41'),
(829, 17, 9, 1, '1000000', 1, '20250200370', '2025-02-27', 1, '2025-02-26 19:53:14', '2025-02-26 19:54:14'),
(830, 17, 9, 2, '1000000', 0, NULL, NULL, NULL, '2025-02-26 19:53:14', '2025-02-26 19:53:14'),
(831, 17, 9, 3, '1000000', 0, NULL, NULL, NULL, '2025-02-26 19:53:14', '2025-02-26 19:53:14'),
(832, 17, 9, 4, '1000000', 0, NULL, NULL, NULL, '2025-02-26 19:53:14', '2025-02-26 19:53:14'),
(833, 17, 9, 5, '1000000', 0, NULL, NULL, NULL, '2025-02-26 19:53:14', '2025-02-26 19:53:14'),
(834, 17, 9, 6, '1000000', 0, NULL, NULL, NULL, '2025-02-26 19:53:14', '2025-02-26 19:53:14'),
(835, 17, 9, 7, '1000000', 0, NULL, NULL, NULL, '2025-02-26 19:53:14', '2025-02-26 19:53:14'),
(836, 17, 9, 8, '1000000', 0, NULL, NULL, NULL, '2025-02-26 19:53:14', '2025-02-26 19:53:14'),
(837, 17, 9, 9, '1000000', 0, NULL, NULL, NULL, '2025-02-26 19:53:14', '2025-02-26 19:53:14'),
(838, 17, 9, 10, '1000000', 0, NULL, NULL, NULL, '2025-02-26 19:53:14', '2025-02-26 19:53:14'),
(839, 17, 9, 11, '1000000', 0, NULL, NULL, NULL, '2025-02-26 19:53:14', '2025-02-26 19:53:14'),
(840, 17, 9, 12, '1000000', 0, NULL, NULL, NULL, '2025-02-26 19:53:14', '2025-02-26 19:53:14'),
(841, 14, 11, 1, '1000000', 1, '20250200373', '2025-02-28', 1, '2025-02-27 23:05:06', '2025-02-27 23:05:20'),
(842, 14, 11, 2, '1000000', 1, '20250200374', '2025-02-28', 1, '2025-02-27 23:05:06', '2025-02-27 23:05:20'),
(843, 14, 11, 3, '1000000', 1, '20250200375', '2025-02-28', 1, '2025-02-27 23:05:06', '2025-02-27 23:05:20'),
(844, 14, 11, 4, '1000000', 1, '20250200377', '2025-02-28', 1, '2025-02-27 23:05:06', '2025-02-27 23:06:39'),
(845, 14, 11, 5, '1000000', 0, NULL, NULL, NULL, '2025-02-27 23:05:06', '2025-02-27 23:05:06'),
(846, 14, 11, 6, '1000000', 0, NULL, NULL, NULL, '2025-02-27 23:05:06', '2025-02-27 23:05:06'),
(847, 14, 11, 7, '1000000', 0, NULL, NULL, NULL, '2025-02-27 23:05:06', '2025-02-27 23:05:06'),
(848, 14, 11, 8, '1000000', 0, NULL, NULL, NULL, '2025-02-27 23:05:06', '2025-02-27 23:05:06'),
(849, 14, 11, 9, '1000000', 0, NULL, NULL, NULL, '2025-02-27 23:05:06', '2025-02-27 23:05:06'),
(850, 14, 11, 10, '1000000', 0, NULL, NULL, NULL, '2025-02-27 23:05:07', '2025-02-27 23:05:07'),
(851, 14, 11, 11, '1000000', 0, NULL, NULL, NULL, '2025-02-27 23:05:07', '2025-02-27 23:05:07'),
(852, 14, 11, 12, '1000000', 0, NULL, NULL, NULL, '2025-02-27 23:05:07', '2025-02-27 23:05:07'),
(853, 14, 12, 1, '100000', 1, '20250300379', '2025-03-09', 3, '2025-03-09 05:04:29', '2025-03-09 05:18:27'),
(854, 14, 12, 2, '100000', 1, '20250300380', '2025-03-09', 3, '2025-03-09 05:04:29', '2025-03-09 05:18:27'),
(855, 14, 12, 3, '100000', 1, '20250300381', '2025-03-09', 3, '2025-03-09 05:04:29', '2025-03-09 05:18:27'),
(856, 14, 12, 4, '100000', 1, '20250300382', '2025-03-09', 3, '2025-03-09 05:04:29', '2025-03-09 05:20:52'),
(857, 14, 12, 5, '100000', 1, '20250300383', '2025-03-09', 3, '2025-03-09 05:04:29', '2025-03-09 05:20:52'),
(858, 14, 12, 6, '100000', 0, NULL, NULL, NULL, '2025-03-09 05:04:29', '2025-03-09 05:04:29'),
(859, 14, 12, 7, '100000', 0, NULL, NULL, NULL, '2025-03-09 05:04:29', '2025-03-09 05:04:29'),
(860, 14, 12, 8, '100000', 0, NULL, NULL, NULL, '2025-03-09 05:04:29', '2025-03-09 05:04:29'),
(861, 14, 12, 9, '100000', 0, NULL, NULL, NULL, '2025-03-09 05:04:29', '2025-03-09 05:04:29'),
(862, 14, 12, 10, '100000', 0, NULL, NULL, NULL, '2025-03-09 05:04:29', '2025-03-09 05:04:29'),
(863, 14, 12, 11, '100000', 0, NULL, NULL, NULL, '2025-03-09 05:04:29', '2025-03-09 05:04:29'),
(864, 14, 12, 12, '100000', 0, NULL, NULL, NULL, '2025-03-09 05:04:29', '2025-03-09 05:04:29');

-- --------------------------------------------------------

--
-- Struktur dari tabel `ci_sessions`
--

CREATE TABLE `ci_sessions` (
  `id` varchar(40) NOT NULL,
  `ip_address` varchar(45) NOT NULL,
  `timestamp` int(10) UNSIGNED NOT NULL DEFAULT '0',
  `data` blob NOT NULL
) ENGINE=InnoDB DEFAULT CHARSET=utf8;

-- --------------------------------------------------------

--
-- Struktur dari tabel `class`
--

CREATE TABLE `class` (
  `class_id` int(11) NOT NULL,
  `class_name` varchar(45) DEFAULT NULL,
  `wali_kelas_id` int(11) DEFAULT NULL
) ENGINE=InnoDB DEFAULT CHARSET=latin1;

--
-- Dumping data untuk tabel `class`
--

INSERT INTO `class` (`class_id`, `class_name`, `wali_kelas_id`) VALUES
(1, 'Ulya I', 15),
(2, 'Ulya II', 7),
(3, 'Ulya III', 2),
(4, 'Wustha I', 9),
(5, 'Wustha II', 7),
(6, 'Wustha III', 9),
(7, 'I\'dadiyah', 2);

-- --------------------------------------------------------

--
-- Struktur dari tabel `class_kitab`
--

CREATE TABLE `class_kitab` (
  `id` int(11) NOT NULL,
  `class_id` int(11) NOT NULL,
  `kitab_id` int(11) NOT NULL,
  `period_id` int(11) NOT NULL,
  `created_at` timestamp NOT NULL DEFAULT CURRENT_TIMESTAMP
) ENGINE=InnoDB DEFAULT CHARSET=latin1;

--
-- Dumping data untuk tabel `class_kitab`
--

INSERT INTO `class_kitab` (`id`, `class_id`, `kitab_id`, `period_id`, `created_at`) VALUES
(10, 1, 7, 6, '2025-01-09 03:24:36'),
(11, 2, 7, 6, '2025-01-09 03:25:18'),
(25, 1, 7, 1, '2025-02-03 17:33:28'),
(28, 2, 8, 1, '2025-02-16 18:08:15'),
(29, 3, 8, 1, '2025-02-16 18:08:59'),
(30, 3, 10, 3, '2025-03-08 13:45:13'),
(31, 6, 10, 3, '2025-03-08 13:45:43'),
(33, 5, 10, 3, '2025-03-08 18:06:46'),
(34, 2, 11, 3, '2025-03-08 18:11:01'),
(35, 1, 9, 3, '2025-03-08 18:31:43'),
(36, 7, 10, 3, '2025-03-08 19:48:51'),
(37, 4, 12, 9, '2025-03-10 14:14:19');

-- --------------------------------------------------------

--
-- Struktur dari tabel `debit`
--

CREATE TABLE `debit` (
  `debit_id` int(11) NOT NULL,
  `debit_date` date DEFAULT NULL,
  `debit_desc` varchar(100) DEFAULT NULL,
  `debit_value` decimal(10,0) DEFAULT NULL,
  `user_user_id` int(11) DEFAULT NULL,
  `debit_input_date` timestamp NULL DEFAULT NULL,
  `debit_last_update` timestamp NULL DEFAULT NULL
) ENGINE=InnoDB DEFAULT CHARSET=latin1;

--
-- Dumping data untuk tabel `debit`
--

INSERT INTO `debit` (`debit_id`, `debit_date`, `debit_desc`, `debit_value`, `user_user_id`, `debit_input_date`, `debit_last_update`) VALUES
(4, '2025-02-20', 'Kos Makan Anak Bangsa', '100000', 1, '2025-02-19 17:25:42', '2025-02-19 17:25:42'),
(5, '2025-02-28', 'Donasi Sultan Ahmad', '150000', 1, '2025-02-28 05:48:34', '2025-02-28 05:48:34');

-- --------------------------------------------------------

--
-- Struktur dari tabel `health_records`
--

CREATE TABLE `health_records` (
  `health_record_id` int(11) NOT NULL,
  `student_id` int(11) NOT NULL,
  `period_id` int(11) NOT NULL,
  `tanggal` date NOT NULL,
  `kondisi_kesehatan` varchar(255) NOT NULL,
  `tindakan` varchar(255) NOT NULL,
  `catatan` text,
  `created_at` timestamp NOT NULL DEFAULT CURRENT_TIMESTAMP,
  `updated_at` timestamp NOT NULL DEFAULT CURRENT_TIMESTAMP ON UPDATE CURRENT_TIMESTAMP
) ENGINE=InnoDB DEFAULT CHARSET=latin1;

--
-- Dumping data untuk tabel `health_records`
--

INSERT INTO `health_records` (`health_record_id`, `student_id`, `period_id`, `tanggal`, `kondisi_kesehatan`, `tindakan`, `catatan`, `created_at`, `updated_at`) VALUES
(1, 5, 1, '2025-01-01', 'Sakit Hati', 'Dicabuli', 'Sudah Sembuh', '2025-01-03 01:55:35', '2025-01-03 01:55:35'),
(3, 8, 6, '2024-12-31', 'sakit', 'dipukul', 'dsd', '2025-01-09 07:14:37', '2025-01-09 07:14:37'),
(4, 8, 3, '2025-01-01', 'sakit', 'dipukul', 'baiksi\r\n', '2025-01-14 03:40:45', '2025-01-14 03:40:45'),
(5, 14, 3, '2025-03-07', 'alhamdulillah', 'Dicambuk', 'Tolong', '2025-03-07 10:25:01', '2025-03-07 10:25:01');

-- --------------------------------------------------------

--
-- Struktur dari tabel `holiday`
--

CREATE TABLE `holiday` (
  `id` int(11) NOT NULL,
  `year` year(4) DEFAULT NULL,
  `date` date DEFAULT NULL,
  `info` varchar(255) DEFAULT NULL
) ENGINE=InnoDB DEFAULT CHARSET=latin1;

--
-- Dumping data untuk tabel `holiday`
--

INSERT INTO `holiday` (`id`, `year`, `date`, `info`) VALUES
(2, 2025, '2025-02-19', 'Masuk Pondok Pesantren'),
(3, 2025, '2025-02-21', 'Piknik Bersama');

-- --------------------------------------------------------

--
-- Struktur dari tabel `information`
--

CREATE TABLE `information` (
  `information_id` int(11) NOT NULL,
  `information_title` varchar(100) DEFAULT NULL,
  `information_desc` text,
  `information_img` varchar(255) DEFAULT NULL,
  `information_publish` tinyint(1) DEFAULT '0',
  `user_user_id` int(11) DEFAULT NULL,
  `information_input_date` timestamp NULL DEFAULT NULL,
  `information_last_update` timestamp NULL DEFAULT NULL
) ENGINE=InnoDB DEFAULT CHARSET=latin1;

--
-- Dumping data untuk tabel `information`
--

INSERT INTO `information` (`information_id`, `information_title`, `information_desc`, `information_img`, `information_publish`, `user_user_id`, `information_input_date`, `information_last_update`) VALUES
(6, 'Liburan Nisfussanah', '<p>Untuk Liburan Tahun Ini Hanya Satu Minggu Saja Hahahahaha</p>', 'Liburan_Nisfussanah.jpeg', 1, 1, '2025-01-03 10:04:08', '2025-01-04 20:53:24'),
(7, 'INTRUKSI UMUM', '<p>Mohon bagi seluruh walisantri menghimbau anaknya untuk tidak nakal.</p>', 'INTRUKSI_UMUM.jpg', 1, 1, '2025-01-03 11:08:19', '2025-01-04 20:55:10'),
(9, 'INFORMASI MASUK PONDOK', '<p>Diberitahukan kepada seluruh santri dan wali santri Pondok Pesantren Al-Ma\'ruf bahwa:</p>', 'INFORMASI_MASUK_PONDOK_PESANTREN_AL-MARUF1.jpeg', 1, 1, '2025-01-04 03:54:22', '2025-01-05 00:32:41'),
(10, 'YANG SUDAH BOLEH PULANG', '<p xss=removed>  Assalamulaikum Hai semua saya adalah saya ya sayaPrestasi yang diraih oleh para santri Pondok Pesantren Al Ma\'ruf ini bukanlah kebetulan, melainkan hasil dari pendidikan yang terstruktur, kurikulum yang berfokus pada pendalaman ilmu agama, serta bimbingan intensif dari para ustadz dan ustadzah yang berpengalaman. Al Ma\'ruf memberikan perhatian besar terhadap penguasaan kitab kuning yang merupakan sumber utama dalam kajian Islam klasik.</p>\r\n<p xss=removed></p>\r\n<p xss=removed>  Pondok Pesantren Al Ma\'ruf tidak hanya mengutamakan penguasaan ilmu agama, tetapi juga membentuk akhlak mulia dan disiplin yang kuat pada setiap santri. Dengan lingkungan yang kondusif dan dukungan penuh dari para pengasuh, santri didorong untuk terus berkembang, baik dalam aspek akademik maupun spiritual.</p>\r\n<p xss=removed></p>\r\n<p xss=removed>  Pimpinan Pondok Pesantren Al Ma\'ruf menyampaikan rasa bangganya atas pencapaian santri-santri tersebut. \"Kami berkomitmen untuk mencetak generasi yang tidak hanya cerdas secara akademik, tetapi juga memiliki akhlak yang luhur. Prestasi ini adalah bukti bahwa pondok kami mampu memberikan pendidikan terbaik bagi santri,\" ujar Beliau.</p>\r\n<p xss=removed></p>\r\n<p xss=removed>Sekian Semoga bermanfaat</p>', 'YANG_SUDAH_BOLEH_PULANG2.JPG', 1, 1, '2025-01-05 01:45:51', '2025-01-15 06:30:19');

-- --------------------------------------------------------

--
-- Struktur dari tabel `izin_pulang`
--

CREATE TABLE `izin_pulang` (
  `izin_id` int(11) NOT NULL,
  `student_id` int(11) NOT NULL,
  `period_id` int(11) NOT NULL,
  `tanggal` date NOT NULL,
  `tanggal_akhir` date DEFAULT NULL,
  `jumlah_hari` int(11) NOT NULL,
  `alasan` text,
  `created_at` timestamp NOT NULL DEFAULT CURRENT_TIMESTAMP,
  `updated_at` timestamp NOT NULL DEFAULT CURRENT_TIMESTAMP ON UPDATE CURRENT_TIMESTAMP,
  `status` enum('Tepat waktu','Terlambat') DEFAULT 'Tepat waktu'
) ENGINE=InnoDB DEFAULT CHARSET=latin1;

--
-- Dumping data untuk tabel `izin_pulang`
--

INSERT INTO `izin_pulang` (`izin_id`, `student_id`, `period_id`, `tanggal`, `tanggal_akhir`, `jumlah_hari`, `alasan`, `created_at`, `updated_at`, `status`) VALUES
(5, 14, 9, '2025-03-01', '2025-03-15', 15, 'Sakit Pinggang', '2025-03-11 12:20:21', '2025-03-11 18:53:43', 'Terlambat'),
(7, 14, 9, '2025-03-01', '2025-03-15', 15, 'Sakit Hati', '2025-03-11 12:24:08', '2025-03-11 14:32:18', 'Tepat waktu'),
(8, 16, 9, '2025-03-01', '2025-03-03', 3, 'Sakit', '2025-03-11 12:34:19', '2025-03-11 13:13:51', 'Tepat waktu'),
(9, 1, 9, '2025-03-01', '2025-03-15', 15, 'Sakit Hati', '2025-03-11 18:58:20', '2025-03-11 18:58:25', 'Terlambat');

-- --------------------------------------------------------

--
-- Struktur dari tabel `kitab`
--

CREATE TABLE `kitab` (
  `kitab_id` int(11) NOT NULL,
  `nama_kitab` varchar(255) NOT NULL,
  `created_at` timestamp NOT NULL DEFAULT CURRENT_TIMESTAMP,
  `updated_at` timestamp NOT NULL DEFAULT CURRENT_TIMESTAMP ON UPDATE CURRENT_TIMESTAMP,
  `target` varchar(50) DEFAULT NULL
) ENGINE=InnoDB DEFAULT CHARSET=latin1;

--
-- Dumping data untuk tabel `kitab`
--

INSERT INTO `kitab` (`kitab_id`, `nama_kitab`, `created_at`, `updated_at`, `target`) VALUES
(7, 'Alfiyyah Ibnu Malik I', '2025-01-08 17:49:36', '2025-02-10 19:48:11', '988'),
(8, 'Imrithi ', '2025-01-09 02:54:57', '2025-01-09 02:54:57', '1000'),
(9, 'Alfiyyah Ibnu Malik II', '2025-01-09 04:53:05', '2025-01-09 04:53:30', '210'),
(10, 'Abu Syuja\'', '2025-03-08 13:43:44', '2025-03-08 13:43:44', 'Bab Hijrah'),
(11, 'Abu Syuja\'', '2025-03-08 18:03:07', '2025-03-08 18:03:07', 'Bab Thoharoh'),
(12, 'Jurumiyah', '2025-03-10 14:13:58', '2025-03-10 14:13:58', 'Bab Kalam - Bab Mahfudhat');

-- --------------------------------------------------------

--
-- Struktur dari tabel `komplek`
--

CREATE TABLE `komplek` (
  `komplek_id` int(11) NOT NULL,
  `komplek_name` varchar(100) NOT NULL,
  `komplek_description` text,
  `created_at` timestamp NOT NULL DEFAULT CURRENT_TIMESTAMP,
  `updated_at` timestamp NOT NULL DEFAULT CURRENT_TIMESTAMP ON UPDATE CURRENT_TIMESTAMP
) ENGINE=InnoDB DEFAULT CHARSET=latin1;

--
-- Dumping data untuk tabel `komplek`
--

INSERT INTO `komplek` (`komplek_id`, `komplek_name`, `komplek_description`, `created_at`, `updated_at`) VALUES
(7, 'Raudhatul Ma\'wa', NULL, '2025-02-21 04:57:58', '2025-02-21 04:57:58'),
(8, 'Roudlotul Huda', NULL, '2025-02-21 05:11:19', '2025-02-21 05:11:19'),
(10, 'Raudhatul Izza', NULL, '2025-02-21 11:11:10', '2025-02-21 11:11:10'),
(11, 'Raudhatul Firdaus', NULL, '2025-02-22 13:22:30', '2025-02-22 13:22:30');

-- --------------------------------------------------------

--
-- Struktur dari tabel `kredit`
--

CREATE TABLE `kredit` (
  `kredit_id` int(11) NOT NULL,
  `kredit_date` date DEFAULT NULL,
  `kredit_desc` varchar(100) DEFAULT NULL,
  `kredit_value` decimal(10,0) DEFAULT NULL,
  `user_user_id` int(11) DEFAULT NULL,
  `kredit_input_date` timestamp NULL DEFAULT NULL,
  `kredit_last_update` timestamp NULL DEFAULT NULL
) ENGINE=InnoDB DEFAULT CHARSET=latin1;

--
-- Dumping data untuk tabel `kredit`
--

INSERT INTO `kredit` (`kredit_id`, `kredit_date`, `kredit_desc`, `kredit_value`, `user_user_id`, `kredit_input_date`, `kredit_last_update`) VALUES
(1, '2024-12-12', 'Beli Lampu', '20000', 1, '2024-12-11 23:37:40', '2024-12-11 23:37:40'),
(2, '2024-12-12', 'Beli Sapi', '1000', 1, '2024-12-11 23:37:40', '2024-12-11 23:37:40'),
(3, '2025-01-01', 'masak garam', '900000', 1, '2025-01-01 14:07:40', '2025-01-01 14:07:40'),
(4, '2025-02-01', 'masak garam', '9000', 1, '2025-01-08 23:37:33', '2025-01-08 23:37:33'),
(5, '2025-02-01', 'masak garam', '900000', 1, '2025-01-08 23:37:33', '2025-01-08 23:37:33'),
(6, '2025-02-19', 'Makan Malam', '200000', 1, '2025-02-18 06:05:27', '2025-02-18 06:05:27'),
(7, '2025-02-18', 'Makanya Jail ', '50000', 1, '2025-02-18 06:07:31', '2025-02-18 06:07:31'),
(8, '2025-02-20', 'masak garam', '15000', 1, '2025-02-19 17:06:31', '2025-02-19 17:26:27'),
(9, '2025-02-21', 'Makan Malam', '50000', 1, '2025-02-20 17:40:03', '2025-02-20 17:40:03'),
(10, '2025-02-28', 'Makan Malam', '90000', 1, '2025-02-28 05:49:22', '2025-02-28 05:49:22'),
(11, '2025-02-28', 'masak garam', '120000', 1, '2025-02-28 05:49:22', '2025-02-28 05:49:22'),
(12, '2025-02-28', 'Makan Malam', '29000', 1, '2025-02-28 05:49:22', '2025-02-28 05:49:22');

-- --------------------------------------------------------

--
-- Struktur dari tabel `letter`
--

CREATE TABLE `letter` (
  `letter_id` int(11) NOT NULL,
  `letter_number` varchar(100) DEFAULT NULL,
  `letter_month` int(11) DEFAULT NULL,
  `letter_year` year(4) DEFAULT NULL
) ENGINE=InnoDB DEFAULT CHARSET=latin1;

--
-- Dumping data untuk tabel `letter`
--

INSERT INTO `letter` (`letter_id`, `letter_number`, `letter_month`, `letter_year`) VALUES
(1, '00001', 12, 2024),
(2, '00002', 12, 2024),
(3, '00003', 12, 2024),
(4, '00004', 12, 2024),
(5, '00005', 12, 2024),
(6, '00006', 12, 2024),
(7, '00007', 12, 2024),
(8, '00008', 12, 2024),
(9, '00009', 12, 2024),
(10, '00010', 12, 2024),
(11, '00011', 12, 2024),
(12, '00012', 12, 2024),
(13, '00013', 12, 2024),
(14, '00014', 12, 2024),
(15, '00015', 12, 2024),
(16, '00016', 12, 2024),
(17, '00017', 12, 2024),
(18, '00018', 12, 2024),
(19, '00019', 12, 2024),
(20, '00020', 12, 2024),
(21, '00021', 12, 2024),
(22, '00022', 12, 2024),
(23, '00023', 12, 2024),
(24, '00001', 1, 2025),
(25, '00002', 1, 2025),
(26, '00003', 1, 2025),
(27, '00004', 1, 2025),
(28, '00005', 1, 2025),
(29, '00006', 1, 2025),
(30, '00007', 1, 2025),
(31, '00008', 1, 2025),
(32, '00009', 1, 2025),
(33, '00010', 1, 2025),
(34, '00011', 1, 2025),
(35, '00012', 1, 2025),
(36, '00013', 1, 2025),
(37, '00014', 1, 2025),
(38, '00015', 1, 2025),
(39, '00016', 1, 2025),
(40, '00017', 1, 2025),
(41, '00018', 1, 2025),
(42, '00019', 1, 2025),
(43, '00020', 1, 2025),
(44, '00021', 1, 2025),
(45, '00022', 1, 2025),
(46, '00023', 1, 2025),
(47, '00024', 1, 2025),
(48, '00025', 1, 2025),
(49, '00026', 1, 2025),
(50, '00027', 1, 2025),
(51, '00028', 1, 2025),
(52, '00029', 1, 2025),
(53, '00030', 1, 2025),
(54, '00031', 1, 2025),
(55, '00032', 1, 2025),
(56, '00033', 1, 2025),
(57, '00034', 1, 2025),
(58, '00035', 1, 2025),
(59, '00036', 1, 2025),
(60, '00037', 1, 2025),
(61, '00038', 1, 2025),
(62, '00039', 1, 2025),
(63, '00040', 1, 2025),
(64, '00041', 1, 2025),
(65, '00042', 1, 2025),
(66, '00043', 1, 2025),
(67, '00044', 1, 2025),
(68, '00045', 1, 2025),
(69, '00046', 1, 2025),
(70, '00047', 1, 2025),
(71, '00048', 1, 2025),
(72, '00049', 1, 2025),
(73, '00050', 1, 2025),
(74, '00051', 1, 2025),
(75, '00052', 1, 2025),
(76, '00053', 1, 2025),
(77, '00054', 1, 2025),
(78, '00055', 1, 2025),
(79, '00056', 1, 2025),
(80, '00057', 1, 2025),
(81, '00058', 1, 2025),
(82, '00059', 1, 2025),
(83, '00060', 1, 2025),
(84, '00061', 1, 2025),
(85, '00062', 1, 2025),
(86, '00063', 1, 2025),
(87, '00064', 1, 2025),
(88, '00065', 1, 2025),
(89, '00066', 1, 2025),
(90, '00067', 1, 2025),
(91, '00068', 1, 2025),
(92, '00069', 1, 2025),
(93, '00070', 1, 2025),
(94, '00071', 1, 2025),
(95, '00072', 1, 2025),
(96, '00073', 1, 2025),
(97, '00074', 1, 2025),
(98, '00075', 1, 2025),
(99, '00076', 1, 2025),
(100, '00077', 1, 2025),
(101, '00078', 1, 2025),
(102, '00079', 1, 2025),
(103, '00080', 1, 2025),
(104, '00081', 1, 2025),
(105, '00082', 1, 2025),
(106, '00083', 1, 2025),
(107, '00084', 1, 2025),
(108, '00085', 1, 2025),
(109, '00086', 1, 2025),
(110, '00087', 1, 2025),
(111, '00088', 1, 2025),
(112, '00089', 1, 2025),
(113, '00090', 1, 2025),
(114, '00091', 1, 2025),
(115, '00092', 1, 2025),
(116, '00093', 1, 2025),
(117, '00094', 1, 2025),
(118, '00095', 1, 2025),
(119, '00096', 1, 2025),
(120, '00097', 1, 2025),
(121, '00098', 1, 2025),
(122, '00099', 1, 2025),
(123, '00100', 1, 2025),
(124, '00101', 1, 2025),
(125, '00102', 1, 2025),
(126, '00103', 1, 2025),
(127, '00104', 1, 2025),
(128, '00105', 1, 2025),
(129, '00106', 1, 2025),
(130, '00107', 1, 2025),
(131, '00108', 1, 2025),
(132, '00109', 1, 2025),
(133, '00110', 1, 2025),
(134, '00111', 1, 2025),
(135, '00112', 1, 2025),
(136, '00113', 1, 2025),
(137, '00114', 1, 2025),
(138, '00115', 1, 2025),
(139, '00116', 1, 2025),
(140, '00117', 1, 2025),
(141, '00118', 1, 2025),
(142, '00119', 1, 2025),
(143, '00120', 1, 2025),
(144, '00121', 1, 2025),
(145, '00122', 1, 2025),
(146, '00123', 1, 2025),
(147, '00124', 1, 2025),
(148, '00125', 1, 2025),
(149, '00126', 1, 2025),
(150, '00127', 1, 2025),
(151, '00128', 1, 2025),
(152, '00129', 1, 2025),
(153, '00130', 1, 2025),
(154, '00131', 1, 2025),
(155, '00132', 1, 2025),
(156, '00133', 1, 2025),
(157, '00134', 1, 2025),
(158, '00135', 1, 2025),
(159, '00136', 1, 2025),
(160, '00137', 1, 2025),
(161, '00138', 1, 2025),
(162, '00139', 1, 2025),
(163, '00140', 1, 2025),
(164, '00141', 1, 2025),
(165, '00142', 1, 2025),
(166, '00143', 1, 2025),
(167, '00144', 1, 2025),
(168, '00145', 1, 2025),
(169, '00146', 1, 2025),
(170, '00147', 1, 2025),
(171, '00148', 1, 2025),
(172, '00149', 1, 2025),
(173, '00150', 1, 2025),
(174, '00151', 1, 2025),
(175, '00152', 1, 2025),
(176, '00153', 1, 2025),
(177, '00154', 1, 2025),
(178, '00155', 1, 2025),
(179, '00156', 1, 2025),
(180, '00157', 1, 2025),
(181, '00158', 1, 2025),
(182, '00159', 1, 2025),
(183, '00160', 1, 2025),
(184, '00161', 1, 2025),
(185, '00162', 1, 2025),
(186, '00163', 1, 2025),
(187, '00164', 1, 2025),
(188, '00165', 1, 2025),
(189, '00166', 1, 2025),
(190, '00167', 1, 2025),
(191, '00168', 1, 2025),
(192, '00169', 1, 2025),
(193, '00170', 1, 2025),
(194, '00171', 1, 2025),
(195, '00172', 1, 2025),
(196, '00173', 1, 2025),
(197, '00174', 1, 2025),
(198, '00175', 1, 2025),
(199, '00176', 1, 2025),
(200, '00177', 1, 2025),
(201, '00178', 1, 2025),
(202, '00179', 1, 2025),
(203, '00180', 1, 2025),
(204, '00181', 1, 2025),
(205, '00182', 1, 2025),
(206, '00183', 1, 2025),
(207, '00184', 1, 2025),
(208, '00185', 1, 2025),
(209, '00186', 1, 2025),
(210, '00187', 1, 2025),
(211, '00188', 1, 2025),
(212, '00189', 1, 2025),
(213, '00190', 2, 2025),
(214, '00191', 2, 2025),
(215, '00192', 2, 2025),
(216, '00193', 2, 2025),
(217, '00194', 2, 2025),
(218, '00195', 2, 2025),
(219, '00196', 2, 2025),
(220, '00197', 2, 2025),
(221, '00198', 2, 2025),
(222, '00199', 2, 2025),
(223, '00200', 2, 2025),
(224, '00201', 2, 2025),
(225, '00202', 2, 2025),
(226, '00203', 2, 2025),
(227, '00204', 2, 2025),
(228, '00205', 2, 2025),
(229, '00206', 2, 2025),
(230, '00207', 2, 2025),
(231, '00208', 2, 2025),
(232, '00209', 2, 2025),
(233, '00210', 2, 2025),
(234, '00211', 2, 2025),
(235, '00212', 2, 2025),
(236, '00213', 2, 2025),
(237, '00214', 2, 2025),
(238, '00215', 2, 2025),
(239, '00216', 2, 2025),
(240, '00217', 2, 2025),
(241, '00218', 2, 2025),
(242, '00219', 2, 2025),
(243, '00220', 2, 2025),
(244, '00221', 2, 2025),
(245, '00222', 2, 2025),
(246, '00223', 2, 2025),
(247, '00224', 2, 2025),
(248, '00225', 2, 2025),
(249, '00226', 2, 2025),
(250, '00227', 2, 2025),
(251, '00228', 2, 2025),
(252, '00229', 2, 2025),
(253, '00230', 2, 2025),
(254, '00231', 2, 2025),
(255, '00232', 2, 2025),
(256, '00233', 2, 2025),
(257, '00234', 2, 2025),
(258, '00235', 2, 2025),
(259, '00236', 2, 2025),
(260, '00237', 2, 2025),
(261, '00238', 2, 2025),
(262, '00239', 2, 2025),
(263, '00240', 2, 2025),
(264, '00241', 2, 2025),
(265, '00242', 2, 2025),
(266, '00243', 2, 2025),
(267, '00244', 2, 2025),
(268, '00245', 2, 2025),
(269, '00246', 2, 2025),
(270, '00247', 2, 2025),
(271, '00248', 2, 2025),
(272, '00249', 2, 2025),
(273, '00250', 2, 2025),
(274, '00251', 2, 2025),
(275, '00252', 2, 2025),
(276, '00253', 2, 2025),
(277, '00254', 2, 2025),
(278, '00255', 2, 2025),
(279, '00256', 2, 2025),
(280, '00257', 2, 2025),
(281, '00258', 2, 2025),
(282, '00259', 2, 2025),
(283, '00260', 2, 2025),
(284, '00261', 2, 2025),
(285, '00262', 2, 2025),
(286, '00263', 2, 2025),
(287, '00264', 2, 2025),
(288, '00265', 2, 2025),
(289, '00266', 2, 2025),
(290, '00267', 2, 2025),
(291, '00268', 2, 2025),
(292, '00269', 2, 2025),
(293, '00270', 2, 2025),
(294, '00271', 2, 2025),
(295, '00272', 2, 2025),
(296, '00273', 2, 2025),
(297, '00274', 2, 2025),
(298, '00275', 2, 2025),
(299, '00276', 2, 2025),
(300, '00277', 2, 2025),
(301, '00278', 2, 2025),
(302, '00279', 2, 2025),
(303, '00280', 2, 2025),
(304, '00281', 2, 2025),
(305, '00282', 2, 2025),
(306, '00283', 2, 2025),
(307, '00284', 2, 2025),
(308, '00285', 2, 2025),
(309, '00286', 2, 2025),
(310, '00287', 2, 2025),
(311, '00288', 2, 2025),
(312, '00289', 2, 2025),
(313, '00290', 2, 2025),
(314, '00291', 2, 2025),
(315, '00292', 2, 2025),
(316, '00293', 2, 2025),
(317, '00294', 2, 2025),
(318, '00295', 2, 2025),
(319, '00296', 2, 2025),
(320, '00297', 2, 2025),
(321, '00298', 2, 2025),
(322, '00299', 2, 2025),
(323, '00300', 2, 2025),
(324, '00301', 2, 2025),
(325, '00302', 2, 2025),
(326, '00303', 2, 2025),
(327, '00304', 2, 2025),
(328, '00305', 2, 2025),
(329, '00306', 2, 2025),
(330, '00307', 2, 2025),
(331, '00308', 2, 2025),
(332, '00309', 2, 2025),
(333, '00310', 2, 2025),
(334, '00311', 2, 2025),
(335, '00312', 2, 2025),
(336, '00313', 2, 2025),
(337, '00314', 2, 2025),
(338, '00315', 2, 2025),
(339, '00316', 2, 2025),
(340, '00317', 2, 2025),
(341, '00318', 2, 2025),
(342, '00319', 2, 2025),
(343, '00320', 2, 2025),
(344, '00321', 2, 2025),
(345, '00322', 2, 2025),
(346, '00323', 2, 2025),
(347, '00324', 2, 2025),
(348, '00325', 2, 2025),
(349, '00326', 2, 2025),
(350, '00327', 2, 2025),
(351, '00328', 2, 2025),
(352, '00329', 2, 2025),
(353, '00330', 2, 2025),
(354, '00331', 2, 2025),
(355, '00332', 2, 2025),
(356, '00333', 2, 2025),
(357, '00334', 2, 2025),
(358, '00335', 2, 2025),
(359, '00336', 2, 2025),
(360, '00337', 2, 2025),
(361, '00338', 2, 2025),
(362, '00339', 2, 2025),
(363, '00340', 2, 2025),
(364, '00341', 2, 2025),
(365, '00342', 2, 2025),
(366, '00343', 2, 2025),
(367, '00344', 2, 2025),
(368, '00345', 2, 2025),
(369, '00346', 2, 2025),
(370, '00347', 2, 2025),
(371, '00348', 2, 2025),
(372, '00349', 2, 2025),
(373, '00350', 2, 2025),
(374, '00351', 2, 2025),
(375, '00352', 2, 2025),
(376, '00353', 2, 2025),
(377, '00354', 2, 2025),
(378, '00355', 2, 2025),
(379, '00356', 2, 2025),
(380, '00357', 2, 2025),
(381, '00358', 2, 2025),
(382, '00359', 2, 2025),
(383, '00360', 2, 2025),
(384, '00361', 2, 2025),
(385, '00362', 2, 2025),
(386, '00363', 2, 2025),
(387, '00364', 2, 2025),
(388, '00365', 2, 2025),
(389, '00366', 2, 2025),
(390, '00367', 2, 2025),
(391, '00368', 2, 2025),
(392, '00369', 2, 2025),
(393, '00370', 2, 2025),
(394, '00371', 2, 2025),
(395, '00372', 2, 2025),
(396, '00373', 2, 2025),
(397, '00374', 2, 2025),
(398, '00375', 2, 2025),
(399, '00376', 2, 2025),
(400, '00377', 2, 2025),
(401, '00378', 3, 2025),
(402, '00379', 3, 2025),
(403, '00380', 3, 2025),
(404, '00381', 3, 2025),
(405, '00382', 3, 2025),
(406, '00383', 3, 2025);

-- --------------------------------------------------------

--
-- Struktur dari tabel `logs`
--

CREATE TABLE `logs` (
  `log_id` int(11) NOT NULL,
  `log_date` timestamp NULL DEFAULT NULL,
  `log_action` varchar(45) DEFAULT NULL,
  `log_module` varchar(45) DEFAULT NULL,
  `log_info` text,
  `user_id` int(11) DEFAULT NULL
) ENGINE=InnoDB DEFAULT CHARSET=latin1;

--
-- Dumping data untuk tabel `logs`
--

INSERT INTO `logs` (`log_id`, `log_date`, `log_action`, `log_module`, `log_info`, `user_id`) VALUES
(1, '2020-06-23 06:13:54', 'Tambah', 'Tahun Ajaran', 'ID:null;Title:2020/2021', NULL),
(2, '2024-12-02 17:28:47', 'Tambah', 'Student', 'ID:1;Name:pp almaruf', 1),
(3, '2024-12-02 17:29:11', 'Sunting', 'Student', 'ID:1;Name:pp almaruf', 1),
(4, '2024-12-02 17:31:36', 'Tambah', 'Pengeluaran', 'ID:null;Title:<p xss=removed><strong>dang bali pondok!!!</strong></p>', NULL),
(5, '2024-12-02 17:31:48', 'Sunting', 'Pengeluaran', 'ID:null;Title:<p><strong>dang bali pondok!!!</strong></p>', NULL),
(6, '2024-12-11 17:25:51', 'Tambah', 'Student', 'ID:2;Name:pp almaruf', 1),
(7, '2024-12-11 17:26:12', 'Sunting', 'Student', 'ID:2;Name:pp almaruf', 1),
(8, '2024-12-11 17:27:10', 'Tambah', 'Jenis Pembayaran', 'ID:null;Title:', NULL),
(9, '2024-12-11 18:01:54', 'Sunting', 'Tahun Ajaran', 'ID:null;Title:2024/2025', NULL),
(10, '2024-12-11 23:35:56', 'Tambah', 'Jenis Pembayaran', 'ID:null;Title:', NULL),
(11, '2024-12-11 23:49:33', 'Edit', 'Profile', 'ID:1;Name:Administrator', 1),
(12, '2024-12-30 23:02:50', 'Tambah', 'Student', 'ID:4;Name:Revano', 1),
(13, '2024-12-30 23:03:04', 'Sunting', 'Student', 'ID:4;Name:Revano', 1),
(14, '2024-12-30 23:14:39', 'Tambah', 'Jenis Pembayaran', 'ID:null;Title:', NULL),
(15, '2024-12-31 20:24:58', 'Tambah', 'Pengeluaran', 'ID:null;Title:<p>Segera</p>', NULL),
(16, '2025-01-01 02:54:38', 'Sunting', 'Student', 'ID:4;Name:Revano', 1),
(17, '2025-01-01 02:56:02', 'Sunting', 'Student', 'ID:2;Name:Aisyah', 1),
(18, '2025-01-01 04:59:25', 'Tambah', 'Student', 'ID:5;Name:Revano Jaka', 1),
(19, '2025-01-01 05:01:47', 'Sunting', 'Student', 'ID:5;Name:Revano Jaka', 1),
(20, '2025-01-01 05:03:06', 'Sunting', 'Student', 'ID:5;Name:Revano Jaka', 1),
(21, '2025-01-01 14:08:53', 'Edit', 'Profile', 'ID:1;Name:Administrator', 1),
(22, '2025-01-01 14:34:36', 'Tambah', 'Tahun Ajaran', 'ID:null;Title:2024/2025', NULL),
(23, '2025-01-01 14:37:15', 'Hapus', 'Tahun Ajaran', 'ID:;Title:', 1),
(24, '2025-01-01 14:37:21', 'Tambah', 'Tahun Ajaran', 'ID:null;Title:2025/2026', NULL),
(25, '2025-01-01 14:38:33', 'Hapus', 'Tahun Ajaran', 'ID:;Title:', 1),
(26, '2025-01-01 21:10:41', 'Sunting', 'Student', 'ID:5;Name:Revano Jaka', 1),
(27, '2025-01-01 21:13:16', 'Sunting', 'Student', 'ID:4;Name:Revano', 1),
(28, '2025-01-01 21:14:20', 'Edit', 'Profile', 'ID:1;Name:Administrator', 1),
(29, '2025-01-02 11:39:08', 'Sunting', 'Student', 'ID:4;Name:Revano', 1),
(30, '2025-01-02 11:40:20', 'Sunting', 'Student', 'ID:4;Name:Revano', 1),
(31, '2025-01-03 02:42:41', 'Tambah', 'Pengeluaran', 'ID:null;Title:<p>Semangat</p>', NULL),
(32, '2025-01-03 03:14:55', 'Sunting', 'Pengeluaran', 'ID:null;Title:<p>Semangat</p>', NULL),
(33, '2025-01-03 04:19:25', 'Sunting', 'Student', 'ID:5;Name:Revano Jaka', 1),
(34, '2025-01-03 05:08:02', 'Sunting', 'Student', 'ID:5;Name:Revano Jaka', 1),
(35, '2025-01-03 08:34:44', 'Hapus', 'Informasi', 'ID:2;Title:Jangan Aneh', 1),
(36, '2025-01-03 08:46:18', 'Hapus', 'Informasi', 'ID:3;Title:Bagus', 1),
(37, '2025-01-03 08:46:21', 'Hapus', 'Informasi', 'ID:1;Title:INFORMASI MASUK PONDOK', 1),
(38, '2025-01-03 08:49:19', 'Sunting', 'Student', 'ID:5;Name:Revano Jaka', 1),
(39, '2025-01-03 08:55:22', 'Tambah', 'Pengeluaran', 'ID:null;Title:<p>Tolong Bagi Seluruh Walisantri Untuk Segera Mengantarkan Anaknya Ke Pondok Hari Ini</p>', NULL),
(40, '2025-01-03 08:59:23', 'Tambah', 'Pengeluaran', 'ID:null;Title:<p>bjkgkb,</p>', NULL),
(41, '2025-01-03 08:59:36', 'Hapus', 'Informasi', 'ID:5;Title:INFORMASI MASUK PONDOK', 1),
(42, '2025-01-03 10:03:10', 'Sunting', 'Student', 'ID:5;Name:Revano Jaka', 1),
(43, '2025-01-03 10:04:08', 'Tambah', 'Pengeluaran', 'ID:null;Title:<p>Untuk Liburan Tahun Ini Hanya Satu Minggu Saja Hahahahaha</p>', NULL),
(44, '2025-01-03 10:53:23', 'Tambah', 'Student', 'ID:6;Name:Miftahulil Albab', 1),
(45, '2025-01-03 10:56:44', 'Sunting', 'Pos Bayar', 'ID:null;Title:SPP BULANAN', NULL),
(46, '2025-01-03 11:08:20', 'Tambah', 'Pengeluaran', 'ID:null;Title:<p>Mohon bagi seluruh walisantri menghimbau anaknya untuk tidak nakal.</p>', NULL),
(47, '2025-01-03 11:10:49', 'Tambah', 'Jenis Pembayaran', 'ID:null;Title:', NULL),
(48, '2025-01-03 12:43:03', 'Hapus', 'Informasi', 'ID:4;Title:Segera Masuk Ke Pondok', 1),
(49, '2025-01-03 12:44:58', 'Tambah', 'Pengeluaran', 'ID:null;Title:<p>waw keren</p>', NULL),
(50, '2025-01-03 12:45:35', 'Hapus', 'Informasi', 'ID:8;Title:Kang Rouf Keren', 1),
(51, '2025-01-04 03:54:22', 'Tambah', 'Pengeluaran', 'ID:null;Title:<p>Diberitahukan kepada seluruh santri dan wali santri Pondok Pesantren Al-Ma\'ruf bahwa:</p>\r\n<p>???? <strong>Hari/Tanggal:</strong> [Isi dengan hari dan tanggal hari ini]<br>???? <strong>Waktu Masuk:</strong> [Isi dengan jam masuk yang telah ditentukan]<br>???? <strong>Pintu Masuk:</strong> [Sebutkan lokasi pintu masuk yang digunakan, jika perlu]</p>', NULL),
(52, '2025-01-04 03:55:02', 'Sunting', 'Pengeluaran', 'ID:null;Title:<p>Diberitahukan kepada seluruh santri dan wali santri Pondok Pesantren Al-Ma\'ruf bahwa:</p>', NULL),
(53, '2025-01-04 03:55:40', 'Sunting', 'Pengeluaran', 'ID:null;Title:<p>Diberitahukan kepada seluruh santri dan wali santri Pondok Pesantren Al-Ma\'ruf bahwa:</p>', NULL),
(54, '2025-01-04 11:36:29', 'Tambah', 'Tahun Ajaran', 'ID:null;Title:2025/2026', NULL),
(55, '2025-01-04 11:37:07', 'Sunting', 'Jenis Pembayaran', 'ID:null;Title:', NULL),
(56, '2025-01-04 11:39:11', 'Tambah', 'Tahun Ajaran', 'ID:null;Title:2027/2028', NULL),
(57, '2025-01-04 11:40:17', 'Sunting', 'Jenis Pembayaran', 'ID:null;Title:', NULL),
(58, '2025-01-04 11:54:28', 'Hapus', 'Tahun Ajaran', 'ID:;Title:', 1),
(59, '2025-01-04 11:56:07', 'Tambah', 'Jenis Pembayaran', 'ID:null;Title:', NULL),
(60, '2025-01-04 12:07:05', 'Sunting', 'Tahun Ajaran', 'ID:null;Title:2025/2026', NULL),
(61, '2025-01-04 12:07:22', 'Sunting', 'Tahun Ajaran', 'ID:null;Title:2024/2025', NULL),
(62, '2025-01-04 12:07:46', 'Sunting', 'Tahun Ajaran', 'ID:null;Title:2024/2025', NULL),
(63, '2025-01-04 12:08:02', 'Sunting', 'Tahun Ajaran', 'ID:null;Title:2025/2026', NULL),
(64, '2025-01-04 20:21:45', 'Tambah', 'Student', 'ID:7;Name:Ahmad Yahya', 1),
(65, '2025-01-04 20:52:45', 'Sunting', 'Pengeluaran', 'ID:null;Title:<p>Mohon bagi seluruh walisantri menghimbau anaknya untuk tidak nakal.</p>', NULL),
(66, '2025-01-04 20:53:24', 'Sunting', 'Pengeluaran', 'ID:null;Title:<p>Untuk Liburan Tahun Ini Hanya Satu Minggu Saja Hahahahaha</p>', NULL),
(67, '2025-01-04 20:55:10', 'Sunting', 'Pengeluaran', 'ID:null;Title:<p>Mohon bagi seluruh walisantri menghimbau anaknya untuk tidak nakal.</p>', NULL),
(68, '2025-01-04 20:55:54', 'Sunting', 'Pengeluaran', 'ID:null;Title:<p>Diberitahukan kepada seluruh santri dan wali santri Pondok Pesantren Al-Ma\'ruf bahwa:</p>', NULL),
(69, '2025-01-04 22:28:06', 'Tambah', 'Tahun Ajaran', 'ID:null;Title:2020/2021', NULL),
(70, '2025-01-05 00:32:41', 'Sunting', 'Pengeluaran', 'ID:null;Title:<p>Diberitahukan kepada seluruh santri dan wali santri Pondok Pesantren Al-Ma\'ruf bahwa:</p>', NULL),
(71, '2025-01-05 01:45:51', 'Tambah', 'Pengeluaran', 'ID:null;Title:<p>Assalamulaikum Hai semua saya adalah saya ya saya</p>', NULL),
(72, '2025-01-05 01:57:36', 'Sunting', 'Pengeluaran', 'ID:null;Title:<p>Assalamulaikum Hai semua saya adalah saya ya saya</p>', NULL),
(73, '2025-01-05 01:58:55', 'Sunting', 'Pengeluaran', 'ID:null;Title:<p>Assalamulaikum Hai semua saya adalah saya ya saya</p>', NULL),
(74, '2025-01-05 04:46:58', 'Tambah', 'Student', 'ID:8;Name:Ahmad Saipul Jamil', 1),
(75, '2025-01-05 04:50:15', 'Sunting', 'Pengeluaran', 'ID:null;Title:<p>Assalamulaikum Hai semua saya adalah saya ya saya</p>', NULL),
(76, '2025-01-05 04:51:34', 'Sunting', 'Pengeluaran', 'ID:null;Title:<p>Assalamulaikum Hai semua saya adalah saya ya saya</p>', NULL),
(77, '2025-01-05 11:02:03', 'Tambah', 'Jenis Pembayaran', 'ID:null;Title:', NULL),
(78, '2025-01-05 11:22:35', 'Sunting', 'Jenis Pembayaran', 'ID:null;Title:', NULL),
(79, '2025-01-06 00:19:30', 'Sunting', 'Jenis Pembayaran', 'ID:null;Title:', NULL),
(80, '2025-01-07 00:40:07', 'Tambah', 'Jenis Pembayaran', 'ID:null;Title:', NULL),
(81, '2025-01-07 04:09:25', 'Tambah', 'user', 'ID:2;Name:Albab', 1),
(82, '2025-01-07 14:50:17', 'Sunting', 'Student', 'ID:4;Name:Revano', 1),
(83, '2025-01-07 16:34:38', 'Sunting', 'Pengeluaran', 'ID:null;Title:<p>Assalamulaikum Hai semua saya adalah saya ya saya</p>', NULL),
(84, '2025-01-07 17:27:37', 'Tambah', 'Tahun Ajaran', 'ID:null;Title:2019/2020', NULL),
(85, '2025-01-07 17:30:23', 'Hapus', 'Tahun Ajaran', 'ID:;Title:', 1),
(86, '2025-01-07 17:30:39', 'Tambah', 'Tahun Ajaran', 'ID:null;Title:2003/2004', NULL),
(87, '2025-01-08 11:45:58', 'Sunting', 'Jenis Pembayaran', 'ID:null;Title:', NULL),
(88, '2025-01-08 16:22:06', 'Sunting', 'Student', 'ID:5;Name:Revano Jaka', 1),
(89, '2025-01-08 17:29:11', 'Sunting', 'Student', 'ID:6;Name:Miftahulil Albab', 1),
(90, '2025-01-09 04:30:39', 'Sunting', 'Student', 'ID:8;Name:Ahmad Saipul Jamil', 1),
(91, '2025-01-09 05:44:57', 'Sunting', 'Student', 'ID:1;Name:pp almaruf', 1),
(92, '2025-01-09 05:51:25', 'Sunting', 'Student', 'ID:1;Name:pp almaruf', 1),
(93, '2025-01-09 05:51:33', 'Sunting', 'Student', 'ID:1;Name:pp almaruf', 1),
(94, '2025-01-09 05:53:29', 'Sunting', 'Student', 'ID:1;Name:pp almaruf', 1),
(95, '2025-01-09 06:02:29', 'Sunting', 'Student', 'ID:1;Name:pp almaruf', 1),
(96, '2025-01-09 08:23:04', 'Tambah', 'Tahun Ajaran', 'ID:null;Title:2029/2030', NULL),
(97, '2025-01-15 06:27:12', 'Sunting', 'Pengeluaran', 'ID:null;Title:<p>Assalamulaikum Hai semua saya adalah saya ya saya</p>\r\n<p xss=removed>Prestasi yang diraih oleh para santri Pondok Pesantren Al Ma\'ruf ini bukanlah kebetulan, melainkan hasil dari pendidikan yang terstruktur, kurikulum yang berfokus pada pendalaman ilmu agama, serta bimbingan intensif dari para ustadz dan ustadzah yang berpengalaman. Al Ma\'ruf memberikan perhatian besar terhadap penguasaan kitab kuning yang merupakan sumber utama dalam kajian Islam klasik.</p>\r\n<p xss=removed>  Pondok Pesantren Al Ma\'ruf tidak hanya mengutamakan penguasaan ilmu agama, tetapi juga membentuk akhlak mulia dan disiplin yang kuat pada setiap santri. Dengan lingkungan yang kondusif dan dukungan penuh dari para pengasuh, santri didorong untuk terus berkembang, baik dalam aspek akademik maupun spiritual.</p>\r\n<p xss=removed>  Pimpinan Pondok Pesantren Al Ma\'ruf menyampaikan rasa bangganya atas pencapaian santri-santri tersebut. \"Kami berkomitmen untuk mencetak generasi yang tidak hanya cerdas secara akademik, tetapi juga memiliki akhlak yang luhur. Prestasi ini adalah bukti bahwa pondok kami mampu memberikan pendidikan terbaik bagi santri,\" ujar Beliau.</p>\r\n<p xss=removed>Sekian Semoga bermanfaat</p>', NULL),
(98, '2025-01-15 06:28:21', 'Sunting', 'Pengeluaran', 'ID:null;Title:<p><strong>  Assalamulaikum Hai semua saya adalah saya ya sayaPrestasi yang diraih oleh para santri Pondok Pesantren Al Ma\'ruf ini bukanlah kebetulan, melainkan hasil dari pendidikan yang terstruktur, kurikulum yang berfokus pada pendalaman ilmu agama, serta bimbingan intensif dari para ustadz dan ustadzah yang berpengalaman. Al Ma\'ruf memberikan perhatian besar terhadap penguasaan kitab kuning yang merupakan sumber utama dalam kajian Islam klasik.</strong></p>\r\n<p></p>\r\n<p><strong>  Pondok Pesantren Al Ma\'ruf tidak hanya mengutamakan penguasaan ilmu agama, tetapi juga membentuk akhlak mulia dan disiplin yang kuat pada setiap santri. Dengan lingkungan yang kondusif dan dukungan penuh dari para pengasuh, santri didorong untuk terus berkembang, baik dalam aspek akademik maupun spiritual.</strong></p>\r\n<p></p>\r\n<p><strong>  Pimpinan Pondok Pesantren Al Ma\'ruf menyampaikan rasa bangganya atas pencapaian santri-santri tersebut. \"Kami berkomitmen untuk mencetak generasi yang tidak hanya cerdas secara akademik, tetapi juga memiliki akhlak yang luhur. Prestasi ini adalah bukti bahwa pondok kami mampu memberikan pendidikan terbaik bagi santri,\" ujar Beliau.</strong></p>\r\n<p><strong>Sekian Semoga bermanfaat</strong></p>', NULL),
(99, '2025-01-15 06:28:41', 'Sunting', 'Pengeluaran', 'ID:null;Title:<p><strong>  Assalamulaikum Hai semua saya adalah saya ya sayaPrestasi yang diraih oleh para santri Pondok Pesantren Al Ma\'ruf ini bukanlah kebetulan, melainkan hasil dari pendidikan yang terstruktur, kurikulum yang berfokus pada pendalaman ilmu agama, serta bimbingan intensif dari para ustadz dan ustadzah yang berpengalaman. Al Ma\'ruf memberikan perhatian besar terhadap penguasaan kitab kuning yang merupakan sumber utama dalam kajian Islam klasik.</strong></p>\r\n<p><br></p>\r\n<p><strong>  Pondok Pesantren Al Ma\'ruf tidak hanya mengutamakan penguasaan ilmu agama, tetapi juga membentuk akhlak mulia dan disiplin yang kuat pada setiap santri. Dengan lingkungan yang kondusif dan dukungan penuh dari para pengasuh, santri didorong untuk terus berkembang, baik dalam aspek akademik maupun spiritual.</strong></p>\r\n<p></p>\r\n<p><strong>  Pimpinan Pondok Pesantren Al Ma\'ruf menyampaikan rasa bangganya atas pencapaian santri-santri tersebut. \"Kami berkomitmen untuk mencetak generasi yang tidak hanya cerdas secara akademik, tetapi juga memiliki akhlak yang luhur. Prestasi ini adalah bukti bahwa pondok kami mampu memberikan pendidikan terbaik bagi santri,\" ujar Beliau.</strong></p>\r\n<p><strong>Sekian Semoga bermanfaat</strong></p>', NULL),
(100, '2025-01-15 06:29:32', 'Sunting', 'Pengeluaran', 'ID:null;Title:<h1><strong>  Assalamulaikum Hai semua saya adalah saya ya sayaPrestasi yang diraih oleh para santri Pondok Pesantren Al Ma\'ruf ini bukanlah kebetulan, melainkan hasil dari pendidikan yang terstruktur, kurikulum yang berfokus pada pendalaman ilmu agama, serta bimbingan intensif dari para ustadz dan ustadzah yang berpengalaman. Al Ma\'ruf memberikan perhatian besar terhadap penguasaan kitab kuning yang merupakan sumber utama dalam kajian Islam klasik.</strong></h1>\r\n<p></p>\r\n<p><strong>  Pondok Pesantren Al Ma\'ruf tidak hanya mengutamakan penguasaan ilmu agama, tetapi juga membentuk akhlak mulia dan disiplin yang kuat pada setiap santri. Dengan lingkungan yang kondusif dan dukungan penuh dari para pengasuh, santri didorong untuk terus berkembang, baik dalam aspek akademik maupun spiritual.</strong></p>\r\n<p></p>\r\n<p><strong>  Pimpinan Pondok Pesantren Al Ma\'ruf menyampaikan rasa bangganya atas pencapaian santri-santri tersebut. \"Kami berkomitmen untuk mencetak generasi yang tidak hanya cerdas secara akademik, tetapi juga memiliki akhlak yang luhur. Prestasi ini adalah bukti bahwa pondok kami mampu memberikan pendidikan terbaik bagi santri,\" ujar Beliau.</strong></p>\r\n<h1></h1>\r\n<p><strong>Sekian Semoga bermanfaat</strong></p>', NULL),
(101, '2025-01-15 06:30:19', 'Sunting', 'Pengeluaran', 'ID:null;Title:<p xss=removed>  Assalamulaikum Hai semua saya adalah saya ya sayaPrestasi yang diraih oleh para santri Pondok Pesantren Al Ma\'ruf ini bukanlah kebetulan, melainkan hasil dari pendidikan yang terstruktur, kurikulum yang berfokus pada pendalaman ilmu agama, serta bimbingan intensif dari para ustadz dan ustadzah yang berpengalaman. Al Ma\'ruf memberikan perhatian besar terhadap penguasaan kitab kuning yang merupakan sumber utama dalam kajian Islam klasik.</p>\r\n<p xss=removed></p>\r\n<p xss=removed>  Pondok Pesantren Al Ma\'ruf tidak hanya mengutamakan penguasaan ilmu agama, tetapi juga membentuk akhlak mulia dan disiplin yang kuat pada setiap santri. Dengan lingkungan yang kondusif dan dukungan penuh dari para pengasuh, santri didorong untuk terus berkembang, baik dalam aspek akademik maupun spiritual.</p>\r\n<p xss=removed></p>\r\n<p xss=removed>  Pimpinan Pondok Pesantren Al Ma\'ruf menyampaikan rasa bangganya atas pencapaian santri-santri tersebut. \"Kami berkomitmen untuk mencetak generasi yang tidak hanya cerdas secara akademik, tetapi juga memiliki akhlak yang luhur. Prestasi ini adalah bukti bahwa pondok kami mampu memberikan pendidikan terbaik bagi santri,\" ujar Beliau.</p>\r\n<p xss=removed></p>\r\n<p xss=removed>Sekian Semoga bermanfaat</p>', NULL),
(102, '2025-01-16 07:15:41', 'Sunting', 'Student', 'ID:2;Name:Aisyah', 1),
(103, '2025-01-16 07:52:14', 'Edit', 'Profile', 'ID:1;Name:Ahmad Busro', 1),
(104, '2025-01-16 08:23:27', 'Hapus', 'Tahun Ajaran', 'ID:;Title:', 1),
(105, '2025-01-16 11:03:31', 'Hapus', 'Tahun Ajaran', 'ID:6;Title:', 1),
(106, '2025-01-16 11:03:37', 'Hapus', 'Tahun Ajaran', 'ID:6;Title:', 1),
(107, '2025-01-16 11:04:14', 'Hapus', 'Tahun Ajaran', 'ID:6;Title:', 1),
(108, '2025-01-16 11:04:19', 'Hapus', 'Tahun Ajaran', 'ID:1;Title:', 1),
(109, '2025-01-16 11:04:53', 'Hapus', 'Tahun Ajaran', 'ID:6;Title:', 1),
(110, '2025-01-16 11:05:02', 'Hapus', 'Tahun Ajaran', 'ID:1;Title:', 1),
(111, '2025-01-16 11:05:08', 'Hapus', 'Tahun Ajaran', 'ID:1;Title:', 1),
(112, '2025-01-16 14:53:46', 'Edit', 'Profile', 'ID:1;Name:Ahmad Busro', 1),
(113, '2025-01-16 14:54:42', 'Edit', 'Profile', 'ID:1;Name:Ahmad Busri', 1),
(114, '2025-01-16 17:17:10', 'Tambah', 'Tahun Ajaran', 'ID:null;Title:2020/2021', NULL),
(115, '2025-01-16 17:17:15', 'Hapus', 'Tahun Ajaran', 'ID:;Title:', 1),
(116, '2025-01-16 17:25:08', 'Tambah', 'Tahun Ajaran', 'ID:null;Title:2020/2021', NULL),
(117, '2025-01-16 17:27:07', 'Hapus', 'Tahun Ajaran', 'ID:;Title:', 1),
(118, '2025-01-16 17:27:34', 'Tambah', 'Tahun Ajaran', 'ID:null;Title:2020/2021', NULL),
(119, '2025-01-16 17:29:25', 'Hapus', 'Tahun Ajaran', 'ID:;Title:', 1),
(120, '2025-01-17 01:07:06', 'Edit', 'Profile', 'ID:1;Name:Ahmad Busro', 1),
(121, '2025-01-17 02:34:27', 'Sunting', 'Student', 'ID:1;Name:pp almaruf', 1),
(122, '2025-01-17 07:46:36', 'Tambah', 'Student', 'ID:9;Name:Ahmad Saipul Jamil 2', 1),
(123, '2025-01-17 07:47:42', 'Sunting', 'Student', 'ID:9;Name:Ahmad Saipul Jamil 2', 1),
(124, '2025-01-17 08:01:27', 'Tambah', 'Student', 'ID:10;Name:pp almaruf 2', 1),
(125, '2025-01-17 08:03:21', 'Sunting', 'Student', 'ID:10;Name:pp almaruf', 1),
(126, '2025-01-17 08:40:37', 'Tambah', 'Student', 'ID:11;Name:Revano 3', 1),
(127, '2025-01-17 08:42:46', 'Tambah', 'Student', 'ID:12;Name:Ahmad Saipul Jamil 5', 1),
(128, '2025-01-17 08:46:41', 'Hapus', 'user', 'ID:;Title:', 1),
(129, '2025-01-17 08:46:48', 'Hapus', 'user', 'ID:;Title:', 1),
(130, '2025-01-17 08:46:55', 'Hapus', 'user', 'ID:;Title:', 1),
(131, '2025-01-17 08:49:06', 'Edit', 'Profile', 'ID:1;Name:Ahmad Busro', 1),
(132, '2025-01-21 14:18:29', 'Sunting', 'Student', 'ID:9;Name:Ahmad Saipul Jamil 2', 1),
(133, '2025-01-21 14:18:36', 'Sunting', 'Student', 'ID:9;Name:Ahmad Saipul Jamil 2', 1),
(134, '2025-01-21 15:05:24', 'Tambah', 'Student', 'ID:10;Name:Ahmad Saipul Jamil 11', 1),
(135, '2025-01-21 15:05:33', 'Sunting', 'Student', 'ID:10;Name:Ahmad Saipul Jamil 11', 1),
(136, '2025-01-21 15:05:42', 'Sunting', 'Student', 'ID:10;Name:Ahmad Saipul Jamil 11', 1),
(137, '2025-01-21 15:16:43', 'Sunting', 'Student', 'ID:10;Name:Ahmad Saipul Jamil 11', 1),
(138, '2025-01-21 15:26:00', 'Tambah', 'Student', 'ID:11;Name:Revano 90', 1),
(139, '2025-01-21 15:32:18', 'Sunting', 'Student', 'ID:11;Name:Revano 90', 1),
(140, '2025-01-21 15:38:12', 'Sunting', 'Student', 'ID:11;Name:Revano 90', 1),
(141, '2025-01-21 15:43:00', 'Sunting', 'Student', 'ID:11;Name:Revano 90', 1),
(142, '2025-01-27 17:27:23', 'Sunting', 'Student', 'ID:8;Name:Ahmad Saipul Jamil', 1),
(143, '2025-01-27 17:27:31', 'Sunting', 'Student', 'ID:8;Name:Ahmad Saipul Jamil', 1),
(144, '2025-01-27 17:27:37', 'Sunting', 'Student', 'ID:8;Name:Ahmad Saipul Jamil', 1),
(145, '2025-01-27 17:27:43', 'Sunting', 'Student', 'ID:5;Name:Revano Jaka', 1),
(146, '2025-01-27 17:29:12', 'Tambah', 'Student', 'ID:12;Name:RIZKI IBRAHIM MOVICH', 1),
(147, '2025-01-27 17:29:20', 'Sunting', 'Student', 'ID:12;Name:RIZKI IBRAHIM MOVICH', 1),
(148, '2025-01-27 17:29:46', 'Sunting', 'Student', 'ID:12;Name:RIZKI IBRAHIM MOVICH', 1),
(149, '2025-01-27 17:32:43', 'Sunting', 'Student', 'ID:12;Name:RIZKI IBRAHIM MOVICH', 1),
(150, '2025-01-28 07:11:30', 'Sunting', 'Student', 'ID:7;Name:Ahmad Yahya', 1),
(151, '2025-01-31 14:43:13', 'Sunting', 'Student', 'ID:8;Name:Ahmad Saipul Jamil', 1),
(152, '2025-01-31 14:47:31', 'Sunting', 'Student', 'ID:8;Name:Ahmad Saipul Jamil', 1),
(153, '2025-01-31 14:50:21', 'Sunting', 'Student', 'ID:7;Name:Ahmad Yahya', 1),
(154, '2025-01-31 14:54:03', 'Sunting', 'Student', 'ID:7;Name:Ahmad Yahya', 1),
(155, '2025-01-31 14:55:43', 'Sunting', 'Student', 'ID:7;Name:Ahmad Yahya', 1),
(156, '2025-01-31 15:06:03', 'Sunting', 'Student', 'ID:7;Name:Ahmad Yahya', 1),
(157, '2025-01-31 15:07:37', 'Sunting', 'Student', 'ID:8;Name:Ahmad Saipul Jamil', 1),
(158, '2025-02-04 18:04:02', 'Sunting', 'Student', 'ID:4;Name:Revano', 1),
(159, '2025-02-04 18:37:02', 'Sunting', 'Student', 'ID:12;Name:RIZKI IBRAHIM MOVICH', 1),
(160, '2025-02-04 18:37:07', 'Sunting', 'Student', 'ID:12;Name:RIZKI IBRAHIM MOVICH', 1),
(161, '2025-02-04 19:10:15', 'Tambah', 'Student', 'ID:13;Name:Ajmad Busro Mustofa', 1),
(162, '2025-02-04 23:10:37', 'Sunting', 'Student', 'ID:12;Name:RIZKI IBRAHIM MOVICH', 1),
(163, '2025-02-05 08:47:22', 'Tambah', 'user', 'ID:3;Name:Miftahul Albab', 1),
(164, '2025-02-05 08:51:08', 'Tambah', 'user', 'ID:4;Name:Administrator', 3),
(165, '2025-02-05 10:37:42', 'Tambah', 'Student', 'ID:14;Name:Ahmad Jaelani', 1),
(166, '2025-02-05 13:40:14', 'Sunting', 'Student', 'ID:14;Name:Ahmad Jaelani', 1),
(167, '2025-02-05 13:48:32', 'Sunting', 'Student', 'ID:9;Name:Ahmad Saipul Jamil 2', 1),
(168, '2025-02-05 13:57:49', 'Sunting', 'Student', 'ID:2;Name:Aisyah', 1),
(169, '2025-02-05 13:57:55', 'Sunting', 'Student', 'ID:6;Name:Miftahulil Albab', 1),
(170, '2025-02-05 13:59:30', 'Sunting', 'Student', 'ID:2;Name:Aisyah', 1),
(171, '2025-02-05 13:59:35', 'Sunting', 'Student', 'ID:1;Name:pp almaruf', 1),
(172, '2025-02-06 06:05:32', 'Sunting', 'Student', 'ID:2;Name:Aisyah', 1),
(173, '2025-02-06 06:07:44', 'Sunting', 'Student', 'ID:2;Name:Aisyah', 1),
(174, '2025-02-06 06:08:15', 'Sunting', 'Student', 'ID:2;Name:Aisyah', 1),
(175, '2025-02-06 06:11:25', 'Sunting', 'Student', 'ID:2;Name:Aisyah', 1),
(176, '2025-02-06 06:17:14', 'Sunting', 'Student', 'ID:1;Name:M Zani', 1),
(177, '2025-02-06 06:17:31', 'Sunting', 'Student', 'ID:9;Name:Ahmad Saipul Jamil 2', 1),
(178, '2025-02-06 06:18:04', 'Sunting', 'Student', 'ID:12;Name:RIZKI IBRAHIM MOVICH', 1),
(179, '2025-02-06 06:18:23', 'Sunting', 'Student', 'ID:14;Name:Ahmad Jaelani', 1),
(180, '2025-02-06 06:19:57', 'Sunting', 'Student', 'ID:9;Name:M. Miftahul Huda', 1),
(181, '2025-02-06 14:17:13', 'Tambah', 'Jenis Pembayaran', 'ID:null;Title:', NULL),
(182, '2025-02-15 18:17:51', 'Hapus', 'Kelas', 'ID:7; Nama:Ulya II', 1),
(183, '2025-02-15 18:17:57', 'Hapus', 'Kelas', 'ID:6; Nama:Ulya 90', 1),
(184, '2025-02-15 18:22:21', 'Hapus', 'Kelas', 'ID:8; Nama:Ulya III', 1),
(185, '2025-02-15 18:50:25', 'Hapus', 'Kelas', 'ID:10; Nama:Ulya III', 1),
(186, '2025-02-15 18:59:22', 'Hapus', 'Kelas', 'ID:9; Nama:Ulya III', 1),
(187, '2025-02-15 19:05:39', 'Sunting', 'Student', 'ID:9;Name:M. Miftahul Huda', 1),
(188, '2025-02-15 19:05:59', 'Sunting', 'Student', 'ID:9;Name:M. Miftahul Huda', 1),
(189, '2025-02-15 19:06:09', 'Hapus', 'Kelas', 'ID:11; Nama:Ulya IIIsa', 1),
(190, '2025-02-15 19:14:51', 'Sunting', 'Student', 'ID:9;Name:M. Miftahul Huda', 1),
(191, '2025-02-15 19:15:12', 'Sunting', 'Student', 'ID:9;Name:M. Miftahul Huda', 1),
(192, '2025-02-15 19:15:21', 'Hapus', 'user', 'ID:7;Title:F2', 1),
(193, '2025-02-16 05:33:21', 'Hapus', 'Jurnal Penerimaan', 'ID:2;Title:beli kondom', 1),
(194, '2025-02-18 13:34:21', 'Sunting', 'Student', 'ID:14;Name:Ahmad Jaelani', 1),
(195, '2025-02-19 17:03:45', 'Hapus', 'Jurnal Penerimaan', 'ID:1;Title:beli bensin', 1),
(196, '2025-02-19 17:05:23', 'Hapus', 'Jurnal Penerimaan', 'ID:2;Title:beli bensin', 1),
(197, '2025-02-19 17:24:42', 'Hapus', 'Jurnal Penerimaan', 'ID:3;Title:Kos Makan Anak Bangsa', 1),
(198, '2025-02-20 06:28:11', 'Hapus', 'user', 'ID:7;Title:Rami Malik', 1),
(199, '2025-02-20 06:29:58', 'Hapus', 'user', 'ID:8;Title:F20', 1),
(200, '2025-02-20 07:41:05', 'Hapus', 'Kelas', 'ID:19; Nama:kalam', 1),
(201, '2025-02-20 07:41:06', 'Hapus', 'Kelas', 'ID:19; Nama:kalam', 1),
(202, '2025-02-20 07:41:08', 'Hapus', 'Kelas', 'ID:18; Nama:adssad', 1),
(203, '2025-02-20 07:41:08', 'Hapus', 'Kelas', 'ID:18; Nama:adssad', 1),
(204, '2025-02-20 07:41:11', 'Hapus', 'Kelas', 'ID:17; Nama:adssad', 1),
(205, '2025-02-20 07:41:11', 'Hapus', 'Kelas', 'ID:17; Nama:adssad', 1),
(206, '2025-02-20 07:45:00', 'Hapus', 'Kelas', 'ID:16; Nama:adssad', 1),
(207, '2025-02-20 07:45:03', 'Hapus', 'Kelas', 'ID:12; Nama:Wustha I', 1),
(208, '2025-02-20 07:45:06', 'Hapus', 'Kelas', 'ID:13; Nama:ad', 1),
(209, '2025-02-20 07:45:07', 'Hapus', 'Kelas', 'ID:13; Nama:ad', 1),
(210, '2025-02-20 07:45:10', 'Hapus', 'Kelas', 'ID:14; Nama:ad', 1),
(211, '2025-02-20 07:45:10', 'Hapus', 'Kelas', 'ID:14; Nama:ad', 1),
(212, '2025-02-20 07:45:13', 'Hapus', 'Kelas', 'ID:15; Nama:adssad', 1),
(213, '2025-02-20 07:45:13', 'Hapus', 'Kelas', 'ID:15; Nama:adssad', 1),
(214, '2025-02-20 09:57:30', 'Sunting', 'Student', 'ID:14;Name:Ahmad Kamaluddin', 1),
(215, '2025-02-20 10:08:53', 'Tambah', 'Jenis Pembayaran', 'ID:null;Title:', NULL),
(216, '2025-02-20 11:32:38', 'Sunting', 'Student', 'ID:9;Name:M. Miftahul Huda', 1),
(217, '2025-02-21 07:46:20', 'Hapus', 'user', 'ID:12;Title:Ahmad', 1),
(218, '2025-02-21 07:50:35', 'Hapus', 'user', 'ID:13;Title:Rami Malik', 1),
(219, '2025-02-21 07:54:08', 'Hapus', 'user', 'ID:14;Title:Ahamd', 1),
(220, '2025-02-21 07:55:44', 'Sunting', 'Student', 'ID:9;Name:M. Miftahul Huda', 1),
(221, '2025-02-21 07:56:07', 'Sunting', 'Student', 'ID:9;Name:M. Miftahul Huda', 1),
(222, '2025-02-21 08:28:42', 'Tambah', 'Student', 'ID:15;Name:pp almaruf ok', 1),
(223, '2025-02-21 08:40:43', 'Sunting', 'Student', 'ID:15;Name:pp almaruf ok', 1),
(224, '2025-02-21 08:41:43', 'Sunting', 'Student', 'ID:15;Name:pp almaruf ok', 1),
(225, '2025-02-21 08:45:15', 'Sunting', 'Student', 'ID:15;Name:pp almaruf ok', 1),
(226, '2025-02-21 08:52:19', 'Sunting', 'Student', 'ID:9;Name:M. Miftahul Huda', 1),
(227, '2025-02-21 08:52:32', 'Sunting', 'Student', 'ID:8;Name:Ahmad Saipul Jamil', 1),
(228, '2025-02-21 08:52:43', 'Sunting', 'Student', 'ID:14;Name:Ahmad Kamaluddin', 1),
(229, '2025-02-21 08:53:11', 'Sunting', 'Student', 'ID:7;Name:Ahmad Yahya', 1),
(230, '2025-02-21 10:08:28', 'Sunting', 'Student', 'ID:4;Name:Revano', 1),
(231, '2025-02-21 10:47:06', 'Tambah', 'Student', 'ID:16;Name:Ahmad Kamli', 1),
(232, '2025-02-21 10:48:03', 'Sunting', 'Student', 'ID:2;Name:Aisyah', 1),
(233, '2025-02-21 10:49:29', 'Sunting', 'Student', 'ID:10;Name:Ahmad Saipul Jamil 11', 1),
(234, '2025-02-21 10:50:30', 'Sunting', 'Student', 'ID:6;Name:Miftahulil Albab', 1),
(235, '2025-02-21 10:50:47', 'Sunting', 'Student', 'ID:5;Name:Revano Jaka', 1),
(236, '2025-02-21 10:51:25', 'Sunting', 'Student', 'ID:15;Name:pp almaruf ok', 1),
(237, '2025-02-21 10:54:01', 'Hapus', 'user', 'ID:1;Title:Rami Malik', 1),
(238, '2025-02-21 10:54:46', 'Sunting', 'Student', 'ID:11;Name:Revano 90', 1),
(239, '2025-02-21 10:54:57', 'Sunting', 'Student', 'ID:1;Name:M Zani', 1),
(240, '2025-02-21 10:55:10', 'Sunting', 'Student', 'ID:12;Name:RIZKI IBRAHIM MOVICH', 1),
(241, '2025-02-21 10:55:23', 'Sunting', 'Student', 'ID:13;Name:Ajmad Busro Mustofa', 1),
(242, '2025-02-21 10:56:00', 'Sunting', 'Student', 'ID:9;Name:M. Miftahul Huda', 1),
(243, '2025-02-21 10:59:52', 'Sunting', 'Student', 'ID:14;Name:Ahmad Kamaluddin', 1),
(244, '2025-02-21 11:12:47', 'Hapus', 'user', 'ID:2;Title:Roudlotul Ma\'wa', 1),
(245, '2025-02-21 11:12:51', 'Hapus', 'user', 'ID:3;Title:F2', 1),
(246, '2025-02-21 11:12:54', 'Hapus', 'user', 'ID:4;Title:Rami Malikas', 1),
(247, '2025-02-21 11:12:57', 'Hapus', 'user', 'ID:5;Title:Rami Malik', 1),
(248, '2025-02-21 11:13:00', 'Hapus', 'user', 'ID:6;Title:F2', 1),
(249, '2025-02-21 11:13:03', 'Hapus', 'user', 'ID:9;Title:DA', 1),
(250, '2025-02-21 11:13:07', 'Hapus', 'user', 'ID:10;Title:F2', 1),
(251, '2025-02-21 11:13:12', 'Hapus', 'user', 'ID:11;Title:F20', 1),
(252, '2025-02-21 11:14:00', 'Sunting', 'Student', 'ID:9;Name:M. Miftahul Huda', 1),
(253, '2025-02-21 11:43:37', 'Sunting', 'Student', 'ID:8;Name:Ahmad Saipul Jamil', 1),
(254, '2025-02-21 15:43:51', 'Tambah', 'Jenis Pembayaran', 'ID:null;Title:', NULL),
(255, '2025-02-21 17:58:56', 'Sunting', 'Student', 'ID:16;Name:Ahmad Kamli', 1),
(256, '2025-02-25 16:13:16', 'Tambah', 'Student', 'ID:17;Name:Ahmad Zaini Abdul Mufid', 1),
(257, '2025-02-26 19:30:28', 'Sunting', 'Student', 'ID:17;Name:Ahmad Zaini Abdul Mufid', 1),
(258, '2025-02-26 19:31:45', 'Sunting', 'Student', 'ID:17;Name:Ahmad Zaini Abdul Mufid', 1),
(259, '2025-02-26 19:52:32', 'Sunting', 'Student', 'ID:17;Name:Ahmad Zaini Abdul Mufid', 1),
(260, '2025-02-27 21:26:00', 'Sunting', 'Student', 'ID:14;Name:Ahmad Kamaluddin', 1),
(261, '2025-02-27 22:30:34', 'Hapus', 'Kamar', 'ID: 23; Nama: Roudhotul Ma\'wa', 1),
(262, '2025-02-27 23:04:49', 'Tambah', 'Jenis Pembayaran', 'ID:null;Title:', NULL),
(263, '2025-03-06 16:52:46', 'Tambah', 'Student', 'ID:18;Name:Ahmadi jalys', 1),
(264, '2025-03-06 16:53:12', 'Sunting', 'Student', 'ID:18;Name:Ahmadi jalys', 1),
(265, '2025-03-06 16:53:23', 'Sunting', 'Student', 'ID:18;Name:Ahmadi jalys', 1),
(266, '2025-03-06 16:54:35', 'Tambah', 'Student', 'ID:19;Name:Asingman', 1),
(267, '2025-03-06 16:55:43', 'Tambah', 'Student', 'ID:20;Name:Ahmad Saipul Jamil', 1),
(268, '2025-03-06 17:04:03', 'Sunting', 'Student', 'ID:20;Name:Ahmad Saipul Jamil', 1),
(269, '2025-03-06 17:11:41', 'Tambah', 'Student', 'ID:21;Name:Ahmad Saipul Jamil 900', 1),
(270, '2025-03-06 17:21:43', 'Tambah', 'Student', 'ID:22;Name:Revano Jakil', 1),
(271, '2025-03-06 17:33:27', 'Tambah', 'Student', 'ID:23;Name:Revano Tobi', 1),
(272, '2025-03-06 17:33:37', 'Sunting', 'Student', 'ID:23;Name:Revano Tobi', 1),
(273, '2025-03-06 19:20:40', 'Sunting', 'Student', 'ID:23;Name:Revano Tobi', 1),
(274, '2025-03-07 06:19:03', 'Sunting', 'Student', 'ID:6;Name:Miftahulil Albab', 1),
(275, '2025-03-08 01:23:33', 'Tambah', 'Student', 'ID:24;Name:pp almaruf', 1),
(276, '2025-03-08 01:56:12', 'Sunting', 'Student', 'ID:24;Name:pp almaruf', 1),
(277, '2025-03-08 01:56:53', 'Sunting', 'Student', 'ID:24;Name:pp almaruf', 1),
(278, '2025-03-08 02:05:08', 'Sunting', 'Student', 'ID:24;Name:pp almaruf', 1),
(279, '2025-03-08 02:06:30', 'Tambah', 'Student', 'ID:25;Name:ARIS PUJI LESTARI', 1),
(280, '2025-03-08 17:40:27', 'Sunting', 'Student', 'ID:15;Name:pp almaruf ok', 1),
(281, '2025-03-08 18:47:48', 'Sunting', 'Student', 'ID:1;Name:M Zani', 1),
(282, '2025-03-08 18:48:02', 'Sunting', 'Student', 'ID:1;Name:M Zani', 1),
(283, '2025-03-09 04:31:04', 'Tambah', 'Tahun Ajaran', 'ID:null;Title:1445/', NULL),
(284, '2025-03-09 04:34:20', 'Tambah', 'Tahun Ajaran', 'ID:null;Title:1445/1446', NULL),
(285, '2025-03-09 05:00:40', 'Tambah', 'Tahun Ajaran', 'ID:null;Title:1445/1446', NULL),
(286, '2025-03-09 05:01:43', 'Sunting', 'Tahun Ajaran', 'ID:null;Title:1446/1447', NULL),
(287, '2025-03-09 05:03:44', 'Tambah', 'Jenis Pembayaran', 'ID:null;Title:', NULL),
(288, '2025-03-10 03:48:56', 'Sunting', 'Student', 'ID:14;Name:Ahmad Kamaluddin', 1),
(289, '2025-03-10 05:13:04', 'Sunting', 'Tahun Ajaran', 'ID:null;Title:1446 H./1447 H.', NULL),
(290, '2025-03-12 01:57:42', 'Sunting', 'Student', 'ID:1;Name:M Zani', 1);

-- --------------------------------------------------------

--
-- Struktur dari tabel `log_trx`
--

CREATE TABLE `log_trx` (
  `log_trx_id` int(11) NOT NULL,
  `student_student_id` int(11) DEFAULT NULL,
  `bulan_bulan_id` int(11) DEFAULT NULL,
  `bebas_pay_bebas_pay_id` int(11) DEFAULT NULL,
  `log_trx_input_date` timestamp NULL DEFAULT NULL,
  `log_trx_last_update` timestamp NULL DEFAULT NULL
) ENGINE=InnoDB DEFAULT CHARSET=latin1;

--
-- Dumping data untuk tabel `log_trx`
--

INSERT INTO `log_trx` (`log_trx_id`, `student_student_id`, `bulan_bulan_id`, `bebas_pay_bebas_pay_id`, `log_trx_input_date`, `log_trx_last_update`) VALUES
(1, 2, 1, NULL, '2024-12-11 23:33:25', '2024-12-11 23:33:25'),
(2, 2, 2, NULL, '2024-12-11 23:33:29', '2024-12-11 23:33:29'),
(3, 2, 3, NULL, '2024-12-11 23:33:32', '2024-12-11 23:33:32'),
(4, 2, 4, NULL, '2024-12-11 23:33:35', '2024-12-11 23:33:35'),
(5, 2, 5, NULL, '2024-12-18 08:35:11', '2024-12-18 08:35:11'),
(6, 2, 6, NULL, '2024-12-18 08:35:23', '2024-12-18 08:35:23'),
(7, 2, 7, NULL, '2024-12-25 02:49:11', '2024-12-25 02:49:11'),
(8, 2, 8, NULL, '2024-12-25 02:56:15', '2024-12-25 02:56:15'),
(9, 2, 9, NULL, '2024-12-30 22:32:20', '2024-12-30 22:32:20'),
(10, 2, 10, NULL, '2024-12-30 23:13:47', '2024-12-30 23:13:47'),
(11, 4, NULL, NULL, '2024-12-30 23:33:10', '2024-12-30 23:33:10'),
(12, 4, NULL, NULL, '2024-12-30 23:33:14', '2024-12-30 23:33:14'),
(14, 4, NULL, NULL, '2024-12-30 23:33:23', '2024-12-30 23:33:23'),
(15, 4, NULL, NULL, '2024-12-30 23:36:53', '2024-12-30 23:36:53'),
(16, 4, NULL, NULL, '2024-12-30 23:41:54', '2024-12-30 23:41:54'),
(18, 4, NULL, NULL, '2024-12-31 12:29:52', '2024-12-31 12:29:52'),
(19, 4, NULL, NULL, '2024-12-31 12:29:58', '2024-12-31 12:29:58'),
(20, 4, NULL, NULL, '2024-12-31 12:30:02', '2024-12-31 12:30:02'),
(21, 4, NULL, NULL, '2024-12-31 12:30:18', '2024-12-31 12:30:18'),
(22, 4, NULL, NULL, '2024-12-31 12:30:22', '2024-12-31 12:30:22'),
(23, 4, NULL, NULL, '2024-12-31 12:30:33', '2024-12-31 12:30:33'),
(24, 2, NULL, 1, '2024-12-31 20:16:01', '2024-12-31 20:16:01'),
(25, 4, 25, NULL, '2024-12-31 22:16:50', '2024-12-31 22:16:50'),
(26, 4, 26, NULL, '2024-12-31 22:28:01', '2024-12-31 22:28:01'),
(27, 4, 27, NULL, '2024-12-31 22:28:05', '2024-12-31 22:28:05'),
(28, 4, 28, NULL, '2024-12-31 22:28:09', '2024-12-31 22:28:09'),
(29, 4, 29, NULL, '2024-12-31 22:28:14', '2024-12-31 22:28:14'),
(30, 4, NULL, 2, '2024-12-31 22:28:29', '2024-12-31 22:28:29'),
(31, 2, 11, NULL, '2025-01-01 14:35:02', '2025-01-01 14:35:02'),
(32, 5, 37, NULL, '2025-01-01 14:41:03', '2025-01-01 14:41:03'),
(33, 5, 38, NULL, '2025-01-02 11:27:38', '2025-01-02 11:27:38'),
(34, 5, 39, NULL, '2025-01-02 11:27:43', '2025-01-02 11:27:43'),
(35, 5, 40, NULL, '2025-01-02 11:27:51', '2025-01-02 11:27:51'),
(36, 2, NULL, 3, '2025-01-02 11:31:03', '2025-01-02 11:31:03'),
(37, 4, 30, NULL, '2025-01-02 11:37:33', '2025-01-02 11:37:33'),
(38, 4, 36, NULL, '2025-01-02 11:37:43', '2025-01-02 11:37:43'),
(39, 4, 31, NULL, '2025-01-02 11:47:23', '2025-01-02 11:47:23'),
(40, 5, 41, NULL, '2025-01-03 06:21:37', '2025-01-03 06:21:37'),
(41, 5, NULL, 4, '2025-01-03 06:45:01', '2025-01-03 06:45:01'),
(42, 5, NULL, 5, '2025-01-03 06:45:25', '2025-01-03 06:45:25'),
(43, 5, 42, NULL, '2025-01-03 06:49:35', '2025-01-03 06:49:35'),
(44, 5, 43, NULL, '2025-01-03 06:49:37', '2025-01-03 06:49:37'),
(45, 5, 44, NULL, '2025-01-03 06:49:47', '2025-01-03 06:49:47'),
(52, 5, 45, NULL, '2025-01-04 01:54:33', '2025-01-04 01:54:33'),
(53, 6, NULL, 6, '2025-01-04 11:42:03', '2025-01-04 11:42:03'),
(54, 6, NULL, 7, '2025-01-04 11:42:16', '2025-01-04 11:42:16'),
(55, 5, 46, NULL, '2025-01-04 11:48:20', '2025-01-04 11:48:20'),
(56, 5, 47, NULL, '2025-01-04 11:48:23', '2025-01-04 11:48:23'),
(57, 5, 48, NULL, '2025-01-04 11:48:26', '2025-01-04 11:48:26'),
(58, 6, 49, NULL, '2025-01-04 16:50:40', '2025-01-04 16:50:40'),
(59, 6, NULL, NULL, '2025-01-04 16:50:49', '2025-01-04 16:50:49'),
(60, 7, NULL, NULL, '2025-01-04 22:25:25', '2025-01-04 22:25:25'),
(61, 7, NULL, 8, '2025-01-04 23:26:26', '2025-01-04 23:26:26'),
(62, 7, NULL, NULL, '2025-01-04 23:27:30', '2025-01-04 23:27:30'),
(63, 7, NULL, NULL, '2025-01-04 23:27:34', '2025-01-04 23:27:34'),
(64, 7, NULL, 9, '2025-01-04 23:46:47', '2025-01-04 23:46:47'),
(65, 5, NULL, NULL, '2025-01-05 00:18:27', '2025-01-05 00:18:27'),
(66, 5, NULL, NULL, '2025-01-05 00:18:31', '2025-01-05 00:18:31'),
(67, 5, NULL, NULL, '2025-01-05 00:18:40', '2025-01-05 00:18:40'),
(68, 5, NULL, NULL, '2025-01-05 00:18:43', '2025-01-05 00:18:43'),
(69, 5, NULL, NULL, '2025-01-05 00:19:05', '2025-01-05 00:19:05'),
(70, 5, NULL, NULL, '2025-01-05 00:19:15', '2025-01-05 00:19:15'),
(71, 7, NULL, NULL, '2025-01-05 01:55:39', '2025-01-05 01:55:39'),
(88, 8, NULL, NULL, '2025-01-06 00:23:21', '2025-01-06 00:23:21'),
(89, 8, NULL, NULL, '2025-01-06 00:23:21', '2025-01-06 00:23:21'),
(90, 8, NULL, NULL, '2025-01-06 00:23:21', '2025-01-06 00:23:21'),
(91, 8, NULL, NULL, '2025-01-06 00:23:21', '2025-01-06 00:23:21'),
(92, 8, NULL, NULL, '2025-01-06 00:23:21', '2025-01-06 00:23:21'),
(93, 8, NULL, NULL, '2025-01-06 00:23:21', '2025-01-06 00:23:21'),
(94, 8, NULL, NULL, '2025-01-06 00:23:21', '2025-01-06 00:23:21'),
(95, 8, NULL, NULL, '2025-01-06 00:23:21', '2025-01-06 00:23:21'),
(96, 8, NULL, NULL, '2025-01-06 00:23:21', '2025-01-06 00:23:21'),
(97, 8, NULL, NULL, '2025-01-06 00:23:21', '2025-01-06 00:23:21'),
(98, 8, NULL, NULL, '2025-01-06 00:23:38', '2025-01-06 00:23:38'),
(99, 8, NULL, NULL, '2025-01-06 00:27:19', '2025-01-06 00:27:19'),
(100, 8, NULL, NULL, '2025-01-06 00:27:19', '2025-01-06 00:27:19'),
(101, 8, NULL, NULL, '2025-01-06 00:27:19', '2025-01-06 00:27:19'),
(102, 8, NULL, NULL, '2025-01-06 00:27:19', '2025-01-06 00:27:19'),
(103, 8, NULL, NULL, '2025-01-06 00:27:19', '2025-01-06 00:27:19'),
(104, 8, NULL, NULL, '2025-01-06 00:28:30', '2025-01-06 00:28:30'),
(105, 8, NULL, NULL, '2025-01-06 00:28:30', '2025-01-06 00:28:30'),
(106, 8, NULL, NULL, '2025-01-06 00:29:51', '2025-01-06 00:29:51'),
(107, 7, NULL, NULL, '2025-01-06 00:36:20', '2025-01-06 00:36:20'),
(108, 7, NULL, NULL, '2025-01-06 00:36:20', '2025-01-06 00:36:20'),
(109, 7, NULL, NULL, '2025-01-06 00:36:20', '2025-01-06 00:36:20'),
(110, 7, NULL, NULL, '2025-01-06 00:37:21', '2025-01-06 00:37:21'),
(111, 7, NULL, NULL, '2025-01-06 00:38:14', '2025-01-06 00:38:14'),
(112, 7, NULL, NULL, '2025-01-06 00:38:14', '2025-01-06 00:38:14'),
(113, 7, NULL, NULL, '2025-01-06 00:38:14', '2025-01-06 00:38:14'),
(114, 7, NULL, NULL, '2025-01-06 00:38:14', '2025-01-06 00:38:14'),
(115, 7, NULL, NULL, '2025-01-06 00:38:14', '2025-01-06 00:38:14'),
(116, 7, NULL, NULL, '2025-01-06 00:38:14', '2025-01-06 00:38:14'),
(117, 7, NULL, NULL, '2025-01-06 00:38:14', '2025-01-06 00:38:14'),
(118, 7, NULL, 12, '2025-01-06 00:58:12', '2025-01-06 00:58:12'),
(121, 8, NULL, NULL, '2025-01-07 00:54:58', '2025-01-07 00:54:58'),
(122, 8, NULL, NULL, '2025-01-07 00:54:58', '2025-01-07 00:54:58'),
(123, 8, NULL, NULL, '2025-01-07 00:54:58', '2025-01-07 00:54:58'),
(124, 8, NULL, NULL, '2025-01-07 03:04:25', '2025-01-07 03:04:25'),
(125, 8, NULL, NULL, '2025-01-07 03:04:25', '2025-01-07 03:04:25'),
(126, 8, NULL, NULL, '2025-01-07 03:04:25', '2025-01-07 03:04:25'),
(127, 8, NULL, NULL, '2025-01-07 03:04:25', '2025-01-07 03:04:25'),
(128, 8, NULL, NULL, '2025-01-07 03:06:17', '2025-01-07 03:06:17'),
(129, 8, NULL, NULL, '2025-01-07 03:07:15', '2025-01-07 03:07:15'),
(130, 8, NULL, NULL, '2025-01-07 03:07:15', '2025-01-07 03:07:15'),
(131, 8, NULL, NULL, '2025-01-07 03:52:07', '2025-01-07 03:52:07'),
(132, 8, NULL, NULL, '2025-01-07 03:52:07', '2025-01-07 03:52:07'),
(133, 8, NULL, NULL, '2025-01-07 03:52:07', '2025-01-07 03:52:07'),
(134, 8, NULL, NULL, '2025-01-07 03:52:07', '2025-01-07 03:52:07'),
(135, 8, NULL, NULL, '2025-01-07 03:52:07', '2025-01-07 03:52:07'),
(136, 8, NULL, NULL, '2025-01-07 03:52:07', '2025-01-07 03:52:07'),
(137, 8, NULL, NULL, '2025-01-07 03:52:07', '2025-01-07 03:52:07'),
(138, 8, NULL, NULL, '2025-01-07 03:52:07', '2025-01-07 03:52:07'),
(139, 8, NULL, NULL, '2025-01-07 03:52:07', '2025-01-07 03:52:07'),
(140, 8, 457, NULL, '2025-01-07 04:02:43', '2025-01-07 04:02:43'),
(141, 8, 458, NULL, '2025-01-07 04:02:43', '2025-01-07 04:02:43'),
(142, 8, 459, NULL, '2025-01-07 04:02:43', '2025-01-07 04:02:43'),
(143, 8, 460, NULL, '2025-01-07 04:04:32', '2025-01-07 04:04:32'),
(144, 8, 461, NULL, '2025-01-07 04:04:32', '2025-01-07 04:04:32'),
(145, 8, 462, NULL, '2025-01-07 06:04:18', '2025-01-07 06:04:18'),
(146, 8, 463, NULL, '2025-01-07 06:04:18', '2025-01-07 06:04:18'),
(147, 8, 133, NULL, '2025-01-07 08:25:53', '2025-01-07 08:25:53'),
(148, 8, 134, NULL, '2025-01-07 08:25:53', '2025-01-07 08:25:53'),
(149, 8, 135, NULL, '2025-01-07 08:25:53', '2025-01-07 08:25:53'),
(150, 8, NULL, NULL, '2025-01-07 14:57:30', '2025-01-07 14:57:30'),
(151, 8, NULL, NULL, '2025-01-07 14:57:30', '2025-01-07 14:57:30'),
(152, 6, 481, NULL, '2025-01-07 17:26:17', '2025-01-07 17:26:17'),
(153, 6, 482, NULL, '2025-01-07 17:26:17', '2025-01-07 17:26:17'),
(154, 6, 483, NULL, '2025-01-07 17:26:17', '2025-01-07 17:26:17'),
(155, 6, 481, NULL, '2025-01-07 17:26:33', '2025-01-07 17:26:33'),
(156, 6, 482, NULL, '2025-01-07 17:26:33', '2025-01-07 17:26:33'),
(157, 6, 483, NULL, '2025-01-07 17:26:33', '2025-01-07 17:26:33'),
(161, 8, NULL, NULL, '2025-01-09 05:25:48', '2025-01-09 05:25:48'),
(162, 8, NULL, NULL, '2025-01-09 07:46:07', '2025-01-09 07:46:07'),
(163, 8, NULL, NULL, '2025-01-09 07:46:07', '2025-01-09 07:46:07'),
(164, 8, NULL, NULL, '2025-01-09 07:46:07', '2025-01-09 07:46:07'),
(165, 8, NULL, NULL, '2025-01-09 07:46:07', '2025-01-09 07:46:07'),
(166, 8, NULL, NULL, '2025-01-09 08:49:45', '2025-01-09 08:49:45'),
(167, 8, NULL, NULL, '2025-01-09 08:49:45', '2025-01-09 08:49:45'),
(169, 8, 136, NULL, '2025-01-14 03:50:42', '2025-01-14 03:50:42'),
(170, 2, NULL, NULL, '2025-01-16 02:41:06', '2025-01-16 02:41:06'),
(175, 7, NULL, NULL, '2025-01-21 10:52:01', '2025-01-21 10:52:01'),
(176, 7, NULL, NULL, '2025-01-21 10:59:48', '2025-01-21 10:59:48'),
(177, 7, NULL, NULL, '2025-01-21 10:59:48', '2025-01-21 10:59:48'),
(178, 7, NULL, NULL, '2025-01-21 11:03:15', '2025-01-21 11:03:15'),
(179, 7, NULL, NULL, '2025-01-21 11:03:35', '2025-01-21 11:03:35'),
(180, 7, NULL, NULL, '2025-01-21 11:04:23', '2025-01-21 11:04:23'),
(183, 8, NULL, NULL, '2025-01-21 11:11:33', '2025-01-21 11:11:33'),
(190, 8, NULL, NULL, '2025-01-23 09:06:19', '2025-01-23 09:06:19'),
(193, 8, NULL, NULL, '2025-01-26 17:33:53', '2025-01-26 17:33:53'),
(194, 8, NULL, NULL, '2025-01-26 21:01:56', '2025-01-26 21:01:56'),
(200, 7, NULL, NULL, '2025-01-28 07:11:49', '2025-01-28 07:11:49'),
(204, 7, NULL, NULL, '2025-01-31 15:06:51', '2025-01-31 15:06:51'),
(209, 8, NULL, NULL, '2025-02-01 21:42:27', '2025-02-01 21:42:27'),
(210, 8, NULL, NULL, '2025-02-01 22:44:39', '2025-02-01 22:44:39'),
(211, 8, NULL, NULL, '2025-02-01 22:48:49', '2025-02-01 22:48:49'),
(212, 8, NULL, NULL, '2025-02-01 22:58:04', '2025-02-01 22:58:04'),
(213, 8, NULL, NULL, '2025-02-01 22:58:41', '2025-02-01 22:58:41'),
(214, 8, NULL, NULL, '2025-02-01 23:08:28', '2025-02-01 23:08:28'),
(225, 6, NULL, NULL, '2025-02-03 08:22:28', '2025-02-03 08:22:28'),
(226, 6, NULL, NULL, '2025-02-03 08:26:14', '2025-02-03 08:26:14'),
(227, 6, NULL, NULL, '2025-02-03 08:27:36', '2025-02-03 08:27:36'),
(228, 6, NULL, NULL, '2025-02-03 11:15:37', '2025-02-03 11:15:37'),
(229, 6, NULL, NULL, '2025-02-03 11:15:37', '2025-02-03 11:15:37'),
(231, 6, NULL, NULL, '2025-02-03 12:44:31', '2025-02-03 12:44:31'),
(232, 6, NULL, NULL, '2025-02-03 12:50:34', '2025-02-03 12:50:34'),
(233, 6, NULL, NULL, '2025-02-03 12:53:28', '2025-02-03 12:53:28'),
(234, 6, NULL, NULL, '2025-02-03 12:58:10', '2025-02-03 12:58:10'),
(248, 7, NULL, NULL, '2025-02-03 23:31:55', '2025-02-03 23:31:55'),
(253, 6, NULL, NULL, '2025-02-04 00:32:26', '2025-02-04 00:32:26'),
(254, 6, NULL, NULL, '2025-02-04 00:45:43', '2025-02-04 00:45:43'),
(255, 6, NULL, NULL, '2025-02-04 00:47:03', '2025-02-04 00:47:03'),
(258, 8, NULL, NULL, '2025-02-04 01:16:55', '2025-02-04 01:16:55'),
(262, 8, NULL, NULL, '2025-02-04 01:34:13', '2025-02-04 01:34:13'),
(272, 8, NULL, NULL, '2025-02-04 01:54:30', '2025-02-04 01:54:30'),
(273, 8, NULL, NULL, '2025-02-04 01:55:20', '2025-02-04 01:55:20'),
(274, 8, NULL, NULL, '2025-02-04 02:08:47', '2025-02-04 02:08:47'),
(275, 8, 541, NULL, '2025-02-05 01:45:44', '2025-02-05 01:45:44'),
(276, 13, 517, NULL, '2025-02-05 01:46:34', '2025-02-05 01:46:34'),
(277, 13, 518, NULL, '2025-02-05 01:46:51', '2025-02-05 01:46:51'),
(278, 13, 519, NULL, '2025-02-05 01:50:56', '2025-02-05 01:50:56'),
(279, 13, 520, NULL, '2025-02-05 01:52:33', '2025-02-05 01:52:33'),
(280, 13, 521, NULL, '2025-02-05 01:53:59', '2025-02-05 01:53:59'),
(281, 13, 522, NULL, '2025-02-05 01:54:12', '2025-02-05 01:54:12'),
(282, 8, 542, NULL, '2025-02-05 08:40:52', '2025-02-05 08:40:52'),
(283, 8, 543, NULL, '2025-02-05 08:40:52', '2025-02-05 08:40:52'),
(284, 8, 544, NULL, '2025-02-05 08:40:52', '2025-02-05 08:40:52'),
(285, 13, 523, NULL, '2025-02-05 09:16:22', '2025-02-05 09:16:22'),
(286, 13, 524, NULL, '2025-02-05 09:17:13', '2025-02-05 09:17:13'),
(287, 13, 525, NULL, '2025-02-05 09:17:13', '2025-02-05 09:17:13'),
(291, 8, 545, NULL, '2025-02-05 10:47:30', '2025-02-05 10:47:30'),
(295, 6, 625, NULL, '2025-02-06 10:30:31', '2025-02-06 10:30:31'),
(298, 14, 643, NULL, '2025-02-06 11:03:04', '2025-02-06 11:03:04'),
(299, 14, 644, NULL, '2025-02-06 11:04:16', '2025-02-06 11:04:16'),
(300, 14, 645, NULL, '2025-02-06 11:04:33', '2025-02-06 11:04:33'),
(301, 14, 645, NULL, '2025-02-06 11:04:55', '2025-02-06 11:04:55'),
(302, 14, 646, NULL, '2025-02-06 11:13:15', '2025-02-06 11:13:15'),
(303, 14, 647, NULL, '2025-02-06 11:15:12', '2025-02-06 11:15:12'),
(304, 14, 648, NULL, '2025-02-06 11:15:43', '2025-02-06 11:15:43'),
(309, 14, 641, NULL, '2025-02-06 11:22:21', '2025-02-06 11:22:21'),
(310, 14, 642, NULL, '2025-02-06 11:22:59', '2025-02-06 11:22:59'),
(315, 14, NULL, 13, '2025-02-06 14:18:06', '2025-02-06 14:18:06'),
(323, 14, 640, NULL, '2025-02-06 16:32:56', '2025-02-06 16:32:56'),
(343, 14, 639, NULL, '2025-02-07 04:40:16', '2025-02-07 04:40:16'),
(344, 14, 637, NULL, '2025-02-10 20:38:57', '2025-02-10 20:38:57'),
(345, 14, 638, NULL, '2025-02-14 13:29:58', '2025-02-14 13:29:58'),
(346, 10, 589, NULL, '2025-02-18 06:04:51', '2025-02-18 06:04:51'),
(347, 10, 590, NULL, '2025-02-18 06:04:51', '2025-02-18 06:04:51'),
(348, 10, 591, NULL, '2025-02-18 06:04:51', '2025-02-18 06:04:51'),
(349, 10, 592, NULL, '2025-02-18 06:04:51', '2025-02-18 06:04:51'),
(350, 10, 593, NULL, '2025-02-18 06:04:51', '2025-02-18 06:04:51'),
(351, 8, 546, NULL, '2025-02-19 08:13:26', '2025-02-19 08:13:26'),
(352, 8, 547, NULL, '2025-02-19 08:13:26', '2025-02-19 08:13:26'),
(353, 8, 548, NULL, '2025-02-19 08:13:26', '2025-02-19 08:13:26'),
(354, 8, 549, NULL, '2025-02-19 08:13:26', '2025-02-19 08:13:26'),
(355, 8, 550, NULL, '2025-02-19 08:13:26', '2025-02-19 08:13:26'),
(356, 8, 551, NULL, '2025-02-19 08:13:26', '2025-02-19 08:13:26'),
(357, 8, 552, NULL, '2025-02-19 08:13:26', '2025-02-19 08:13:26'),
(358, 10, 594, NULL, '2025-02-19 16:45:57', '2025-02-19 16:45:57'),
(359, 10, 595, NULL, '2025-02-19 16:45:57', '2025-02-19 16:45:57'),
(360, 10, 596, NULL, '2025-02-19 16:45:57', '2025-02-19 16:45:57'),
(361, 10, 597, NULL, '2025-02-19 16:45:57', '2025-02-19 16:45:57'),
(362, 10, 598, NULL, '2025-02-19 16:45:57', '2025-02-19 16:45:57'),
(363, 10, 599, NULL, '2025-02-19 16:45:57', '2025-02-19 16:45:57'),
(364, 10, 600, NULL, '2025-02-19 16:45:57', '2025-02-19 16:45:57'),
(365, 14, 649, NULL, '2025-02-20 10:10:21', '2025-02-20 10:10:21'),
(366, 14, 650, NULL, '2025-02-20 10:10:21', '2025-02-20 10:10:21'),
(367, 14, 651, NULL, '2025-02-20 17:39:13', '2025-02-20 17:39:13'),
(368, 14, 652, NULL, '2025-02-20 17:39:13', '2025-02-20 17:39:13'),
(369, 14, 653, NULL, '2025-02-20 17:39:13', '2025-02-20 17:39:13'),
(370, 8, NULL, NULL, '2025-02-24 11:37:46', '2025-02-24 11:37:46'),
(371, 8, NULL, NULL, '2025-02-24 11:37:46', '2025-02-24 11:37:46'),
(372, 8, NULL, NULL, '2025-02-24 11:37:46', '2025-02-24 11:37:46'),
(373, 8, NULL, NULL, '2025-02-24 11:37:46', '2025-02-24 11:37:46'),
(374, 8, NULL, NULL, '2025-02-24 11:37:46', '2025-02-24 11:37:46'),
(375, 8, 137, NULL, '2025-02-24 11:37:56', '2025-02-24 11:37:56'),
(376, 9, 793, NULL, '2025-02-26 19:41:30', '2025-02-26 19:41:30'),
(377, 8, NULL, NULL, '2025-02-26 19:44:13', '2025-02-26 19:44:13'),
(378, 8, NULL, NULL, '2025-02-26 19:44:13', '2025-02-26 19:44:13'),
(379, 8, 138, NULL, '2025-02-26 19:44:13', '2025-02-26 19:44:13'),
(380, 8, 139, NULL, '2025-02-26 19:44:13', '2025-02-26 19:44:13'),
(381, 8, NULL, NULL, '2025-02-26 19:45:59', '2025-02-26 19:45:59'),
(382, 8, 140, NULL, '2025-02-26 19:45:59', '2025-02-26 19:45:59'),
(383, 13, 781, NULL, '2025-02-26 19:48:17', '2025-02-26 19:48:17'),
(384, 17, 829, NULL, '2025-02-26 19:54:14', '2025-02-26 19:54:14'),
(385, 14, 654, NULL, '2025-02-27 22:50:03', '2025-02-27 22:50:03'),
(386, 8, 141, NULL, '2025-03-06 20:20:11', '2025-03-06 20:20:11'),
(387, 14, 853, NULL, '2025-03-09 05:18:27', '2025-03-09 05:18:27'),
(388, 14, 854, NULL, '2025-03-09 05:18:27', '2025-03-09 05:18:27'),
(389, 14, 855, NULL, '2025-03-09 05:18:27', '2025-03-09 05:18:27'),
(390, 14, 856, NULL, '2025-03-09 05:20:52', '2025-03-09 05:20:52'),
(391, 14, 857, NULL, '2025-03-09 05:20:52', '2025-03-09 05:20:52');

-- --------------------------------------------------------

--
-- Struktur dari tabel `majors`
--

CREATE TABLE `majors` (
  `majors_id` int(11) NOT NULL,
  `majors_name` varchar(100) DEFAULT NULL,
  `majors_short_name` varchar(45) DEFAULT NULL,
  `komplek_id` int(11) DEFAULT NULL
) ENGINE=InnoDB DEFAULT CHARSET=latin1;

--
-- Dumping data untuk tabel `majors`
--

INSERT INTO `majors` (`majors_id`, `majors_name`, `majors_short_name`, `komplek_id`) VALUES
(15, 'F2', NULL, 7),
(16, 'E5', NULL, 7),
(17, 'E 1', NULL, 7),
(18, 'G1', NULL, 8),
(19, 'G2', NULL, 8),
(20, 'H1', NULL, 10),
(21, 'I 9', NULL, 11),
(22, 'y1', NULL, 8),
(23, 'y1', NULL, 8),
(24, 'G 3', NULL, 11),
(25, 'roudhotul izza', NULL, 8);

-- --------------------------------------------------------

--
-- Struktur dari tabel `month`
--

CREATE TABLE `month` (
  `month_id` int(11) NOT NULL,
  `month_name` varchar(45) DEFAULT NULL
) ENGINE=InnoDB DEFAULT CHARSET=latin1;

--
-- Dumping data untuk tabel `month`
--

INSERT INTO `month` (`month_id`, `month_name`) VALUES
(1, 'Syawal'),
(2, 'Dzulqadah'),
(3, 'Dzulhijjah'),
(4, 'Muharram'),
(5, 'Shafar'),
(6, 'Rabiul Awwal'),
(7, 'Rabiul Akhir'),
(8, 'Jumadil Ula'),
(9, 'Jumadil Akhir'),
(10, 'Rajab'),
(11, 'Syaban'),
(12, 'Ramadhan');

-- --------------------------------------------------------

--
-- Struktur dari tabel `nadzhaman`
--

CREATE TABLE `nadzhaman` (
  `nadzhaman_id` int(11) NOT NULL,
  `student_id` int(11) NOT NULL,
  `kitab_id` int(11) NOT NULL,
  `tanggal` date NOT NULL,
  `jumlah_hafalan` varchar(225) NOT NULL,
  `keterangan` text,
  `created_at` timestamp NOT NULL DEFAULT CURRENT_TIMESTAMP,
  `updated_at` timestamp NOT NULL DEFAULT CURRENT_TIMESTAMP ON UPDATE CURRENT_TIMESTAMP,
  `period_id` int(11) NOT NULL,
  `status` varchar(50) DEFAULT 'Belum Khatam'
) ENGINE=InnoDB DEFAULT CHARSET=latin1;

-- --------------------------------------------------------

--
-- Struktur dari tabel `payment`
--

CREATE TABLE `payment` (
  `payment_id` int(11) NOT NULL,
  `payment_type` enum('BEBAS','BULAN') DEFAULT NULL,
  `period_period_id` int(11) DEFAULT NULL,
  `pos_pos_id` int(11) DEFAULT NULL,
  `payment_input_date` timestamp NULL DEFAULT NULL,
  `payment_last_update` timestamp NULL DEFAULT NULL
) ENGINE=InnoDB DEFAULT CHARSET=latin1;

--
-- Dumping data untuk tabel `payment`
--

INSERT INTO `payment` (`payment_id`, `payment_type`, `period_period_id`, `pos_pos_id`, `payment_input_date`, `payment_last_update`) VALUES
(1, 'BULAN', 3, 1, '2024-12-11 17:27:10', '2025-01-04 11:40:17'),
(2, 'BEBAS', 1, 2, '2024-12-11 23:35:56', '2024-12-11 23:35:56'),
(3, 'BULAN', 1, 5, '2024-12-30 23:14:39', '2025-01-08 11:45:58'),
(4, 'BEBAS', 3, 4, '2025-01-03 11:10:49', '2025-01-05 11:22:35'),
(5, 'BULAN', 4, 1, '2025-01-04 11:56:07', '2025-01-06 00:19:30'),
(6, 'BEBAS', 4, 4, '2025-01-05 11:02:03', '2025-01-05 11:02:03'),
(7, 'BULAN', 4, 5, '2025-01-07 00:40:07', '2025-01-07 00:40:07'),
(8, 'BEBAS', 1, 4, '2025-02-06 14:17:13', '2025-02-06 14:17:13'),
(9, 'BULAN', 3, 1, '2025-02-20 10:08:53', '2025-02-20 10:08:53'),
(10, 'BULAN', 1, 1, '2025-02-21 15:43:51', '2025-02-21 15:43:51'),
(11, 'BULAN', 3, 5, '2025-02-27 23:04:49', '2025-02-27 23:04:49'),
(12, 'BULAN', 9, 1, '2025-03-09 05:03:44', '2025-03-09 05:03:44');

-- --------------------------------------------------------

--
-- Struktur dari tabel `pelanggaran`
--

CREATE TABLE `pelanggaran` (
  `pelanggaran_id` int(11) NOT NULL,
  `student_id` int(11) NOT NULL,
  `period_id` int(11) NOT NULL,
  `class_id` int(11) NOT NULL,
  `tanggal` date NOT NULL,
  `poin` int(11) NOT NULL,
  `pelanggaran` varchar(255) NOT NULL,
  `tindakan` varchar(255) NOT NULL,
  `catatan` text,
  `pelanggaran_created_at` timestamp NOT NULL DEFAULT CURRENT_TIMESTAMP,
  `pelanggaran_updated_at` timestamp NOT NULL DEFAULT CURRENT_TIMESTAMP ON UPDATE CURRENT_TIMESTAMP
) ENGINE=InnoDB DEFAULT CHARSET=latin1;

--
-- Dumping data untuk tabel `pelanggaran`
--

INSERT INTO `pelanggaran` (`pelanggaran_id`, `student_id`, `period_id`, `class_id`, `tanggal`, `poin`, `pelanggaran`, `tindakan`, `catatan`, `pelanggaran_created_at`, `pelanggaran_updated_at`) VALUES
(16, 2, 1, 1, '2025-01-01', 12, 'makan bakso', 'dipukul', 'jangan Diulangi', '2025-01-01 03:45:17', '2025-01-01 03:45:17'),
(19, 5, 1, 2, '2024-12-30', 12, 'Makan', 'dipukul', 'Jangan diulangi', '2025-01-01 05:00:49', '2025-01-01 05:00:49'),
(23, 6, 3, 2, '2025-01-01', 200, 'Makan bakso pak rudi', 'dipukul', 'Jangan diulangi', '2025-01-04 11:44:41', '2025-01-04 11:44:41'),
(24, 7, 1, 2, '2025-01-05', 15, 'Mancing Dikali', 'Dibunuh', 'Jangan Diulangi lagi', '2025-01-05 01:19:23', '2025-01-05 01:19:23'),
(25, 8, 4, 2, '2025-01-07', 10, 'makan bakso', 'dipukul', 'sas', '2025-01-07 05:38:57', '2025-01-07 05:38:57'),
(26, 8, 4, 2, '2025-01-07', 12, 'Makan', 'dipukul', 'asas', '2025-01-07 06:08:55', '2025-01-07 06:08:55'),
(29, 7, 3, 2, '2024-09-30', 90, 'makan bakso', 'dipukul', 'kb', '2025-01-07 14:00:03', '2025-01-07 14:00:03'),
(33, 8, 3, 2, '2025-02-12', 8, 'Makan', 'dipukul', 'ok', '2025-01-07 14:21:00', '2025-01-07 14:21:00'),
(34, 7, 3, 2, '2025-09-10', 909, 'Ngocok', 'dipukul', 'ojjl', '2025-01-07 14:23:12', '2025-01-07 14:23:12'),
(35, 2, 1, 2, '2024-12-10', 90, 'Makan', 'gdyerhybvc', 'khjk;lkihy9hi', '2025-01-07 14:28:27', '2025-01-07 14:28:27'),
(36, 7, 1, 2, '2025-01-01', 12, 'Makan', 'dipukul', 'Dipukul', '2025-01-08 17:19:19', '2025-01-08 17:19:19'),
(37, 7, 1, 2, '2025-05-29', 100, 'Makan', 'dipukul', 'dipukul', '2025-01-08 17:20:03', '2025-01-08 17:20:03'),
(39, 8, 6, 1, '2025-01-01', 10, 'Makan', 'dipukul', 'Melanggar', '2025-01-09 04:31:20', '2025-01-09 04:31:20'),
(48, 4, 1, 3, '2025-01-01', 12, '1212', 'dipukul', 'ok', '2025-01-26 23:12:57', '2025-01-26 23:12:57'),
(53, 8, 1, 3, '2025-02-12', 23, 'Makan', 'dipukul', 'Jangan', '2025-01-27 00:01:01', '2025-01-27 00:01:01'),
(54, 13, 1, 3, '2025-02-05', 1, 'Makan', 'dipukul', 'Jangan Diulangi Ya', '2025-02-05 08:42:48', '2025-02-05 08:42:48'),
(56, 14, 3, 3, '2025-02-20', 150, 'makan bakso', 'dipukul', 'Jangan Main Main Ya', '2025-02-20 05:42:24', '2025-02-20 05:42:24'),
(57, 13, 3, 5, '2025-02-20', 0, 'Makan', 'dipukul', 'Jangan Diulangi', '2025-02-21 11:54:38', '2025-02-21 11:54:38'),
(58, 14, 3, 7, '2025-03-09', 20, 'Tidak Mengaji Selama 30 Kali', 'Dicambuk', 'Mohon Perhatianya', '2025-03-08 18:34:58', '2025-03-08 18:34:58'),
(60, 14, 9, 7, '2025-03-01', 1, 'Tidak Mengaji Selama 30 Kali', 'Dicambuk', 'Dadada', '2025-03-09 22:24:38', '2025-03-09 22:24:38'),
(62, 14, 9, 7, '2025-03-11', 1, 'Mabok', 'Dicambuk', 'Duh', '2025-03-09 22:42:24', '2025-03-09 22:42:24'),
(63, 8, 9, 6, '2025-03-10', 1, 'ketemuan', 'gundul+sowankan', 'Hati Hati', '2025-03-09 23:45:28', '2025-03-09 23:45:28'),
(64, 8, 9, 6, '2025-03-11', 1, 'ketemuan', 'Dicambuk', 'Hai Selamat Pagi', '2025-03-09 23:45:56', '2025-03-09 23:45:56'),
(65, 8, 9, 6, '2025-03-10', 1, 'Tidak Mengaji Selama 30 Kali', 'Dicambuk', 'asa', '2025-03-09 23:46:37', '2025-03-09 23:46:37'),
(66, 14, 9, 7, '2025-03-10', 1, 'Merokok', 'Dicambuk', 'Sering Tidak Terdeteksi', '2025-03-10 00:02:44', '2025-03-10 00:02:44'),
(67, 20, 9, 7, '2025-03-10', 1, 'Merokok', 'Dicambuk', 'Mohon Pertahian', '2025-03-10 10:43:39', '2025-03-10 10:43:39');

-- --------------------------------------------------------

--
-- Struktur dari tabel `pengurus`
--

CREATE TABLE `pengurus` (
  `pengurus_id` int(11) NOT NULL,
  `pengurus_nama` varchar(255) NOT NULL,
  `pengurus_nik` varchar(50) NOT NULL,
  `pengurus_tgl_lahir` date NOT NULL,
  `pengurus_status` tinyint(1) NOT NULL DEFAULT '1',
  `pengurus_alamat` text NOT NULL,
  `pengurus_telepon` varchar(20) NOT NULL,
  `pengurus_jabatan` varchar(100) NOT NULL
) ENGINE=InnoDB DEFAULT CHARSET=latin1;

--
-- Dumping data untuk tabel `pengurus`
--

INSERT INTO `pengurus` (`pengurus_id`, `pengurus_nama`, `pengurus_nik`, `pengurus_tgl_lahir`, `pengurus_status`, `pengurus_alamat`, `pengurus_telepon`, `pengurus_jabatan`) VALUES
(5, 'Zeni Abdullah', '3315101912000002', '1999-12-19', 1, 'Tambakselo Wirosari Grobogan', '+62 838-7175-0503', 'Ketua'),
(6, 'Muhammad Habiburrahman', '3315090508050001', '2005-08-05', 1, 'Pengkol Ngaringan Grobogan', '6283189858939', 'Sekretaris'),
(7, 'Ahmad Busro Mustofa', '3316142002060002', '2006-02-20', 1, 'Sambeng Todanan Blora', '6282235968001', 'Sekretaris'),
(8, 'Muhammad Hanafi', '3315140211020001', '2002-11-02', 1, 'Temon Brati Grobogan', '6283103710308', 'Bendahara'),
(9, 'Muhammad Abdul Qoyyum', '3315091105060001', '2006-05-11', 1, 'Belor Ngaringan Grobogan', '6285799214197', 'Bendahara'),
(10, 'Adib Khozinatul Asror', '3315092404040002', '2004-04-24', 1, 'Pendem Ngaringan Grobogan', '6283873349985', 'Pendidikan'),
(11, 'Muhammad Chusnul Fahrudi', '3315092512040001', '2004-12-25', 1, 'Belor Ngaringan Grobogan', '6282235968001', 'Pendidikan'),
(12, 'Muhammad Feri Ulfana', '3317040111990002', '1999-11-01', 1, 'Gading Sale Rembang', '6285335735502', 'Keamanan'),
(13, 'Ainul Yaqin', '3321061206040002', '2004-06-12', 1, 'Kalianyar Wonosalam Demak', '6285799214143', 'Keamanan'),
(14, 'Muhmmad Shodiq', '3315093007040001', '2004-07-30', 1, 'Kalanglundo Ngaringan Grobogan', '6283844233484', 'Keamanan'),
(15, 'M. Ifan Zakariyya Assyakir', '3316141504050005', '2005-04-15', 1, 'Sambeng Todanan Blora', '6282229322275', 'M3'),
(16, 'Wahid Zuhdi', '6472042201050002', '2005-01-22', 1, 'Sidodamai Samarinda Ilir Samarinda', '6285866262260', 'M3'),
(17, 'Muhammad Syaiful Asyhar', '3315091612060005', '2006-12-16', 1, 'Bandungsari Ngaringan Grobogan', '6287847715067', 'M3'),
(18, 'Muhammad Zaimuddin', '3321126203050002', '2005-03-22', 1, 'Purworejo Bonang Demak', '6282235968001', 'M3'),
(19, 'Abdul Majid', '3321124905690004', '2000-01-01', 1, 'Weding Bonag Demak', '6283835114936', 'Kesehatan'),
(20, 'Revano Jaka Deca S.', '-', '2005-06-14', 1, 'Demak', '6282223198757', 'Kesehatan'),
(21, 'Khudaifatuzzuhad', '3321071005050002', '2005-05-10', 1, 'Baleromo Gajah Demak', '6281231522951', 'Kebersihan'),
(22, 'Ahmad Miftakhul Alim', '3315092412070002', '2001-10-22', 1, 'Belor Ngaringan Grobogan', '6282241241315', 'Kebersihan'),
(23, 'Muhammad Ulin Nuha', '3315096608130001', '1999-01-01', 1, 'Bandungsari Ngaringan Grobogan', '6281285981315', 'Pembangunan'),
(24, 'Abdul Rouf', '3315032908960001', '1996-08-28', 1, 'Leyangan Penawangan Grobogan', '62882006492358', 'Pembangunan'),
(25, 'Muhammad Khoirul Anam', '3315092405080002', '2003-04-17', 1, 'Belor Ngaringan Grobogan', '6281392933655', 'Pembangunan'),
(26, 'Muhammad Fatchurrochim', '3315100407010003', '2001-07-04', 1, 'Tambakselo Wirosari Grobogan', '345345', 'Perlengkapan'),
(27, 'Ahmad Nur Hidayatullah', '3315092107070002', '2003-01-13', 1, 'Demak', '6285869373422', 'Perlengkapan'),
(28, 'Surya Permata', '3315090101080002', '2005-05-09', 1, 'Depok', '6283823990224', 'Media');

-- --------------------------------------------------------

--
-- Struktur dari tabel `period`
--

CREATE TABLE `period` (
  `period_id` int(11) NOT NULL,
  `period_start` varchar(15) DEFAULT NULL,
  `period_end` varchar(15) DEFAULT NULL,
  `period_status` tinyint(1) DEFAULT '0'
) ENGINE=InnoDB DEFAULT CHARSET=latin1;

--
-- Dumping data untuk tabel `period`
--

INSERT INTO `period` (`period_id`, `period_start`, `period_end`, `period_status`) VALUES
(1, '2024', '2025', 0),
(3, '2025', '2026', 0),
(4, '2020', '2021', 0),
(6, '2003', '2004', 0),
(7, '0', '0000', 0),
(8, '0', '0000', 0),
(9, '1446 H.', '1447 H.', 1);

-- --------------------------------------------------------

--
-- Struktur dari tabel `pos`
--

CREATE TABLE `pos` (
  `pos_id` int(11) NOT NULL,
  `pos_name` varchar(100) DEFAULT NULL,
  `pos_description` varchar(100) DEFAULT NULL
) ENGINE=InnoDB DEFAULT CHARSET=latin1;

--
-- Dumping data untuk tabel `pos`
--

INSERT INTO `pos` (`pos_id`, `pos_name`, `pos_description`) VALUES
(1, 'SPP BULANAN', 'Bulanan'),
(2, 'Pembayaran Maulid', 'Iuran Pesantren'),
(3, 'Pelanggaran', 'Kesalahan'),
(4, 'Pembayaran Akhir Sanah', 'Iuran Pesantren'),
(5, 'KOS MAKAN', 'Bulanan');

-- --------------------------------------------------------

--
-- Struktur dari tabel `setting`
--

CREATE TABLE `setting` (
  `setting_id` int(11) NOT NULL,
  `setting_name` varchar(255) DEFAULT NULL,
  `setting_value` text,
  `setting_last_update` timestamp NULL DEFAULT NULL
) ENGINE=InnoDB DEFAULT CHARSET=latin1;

--
-- Dumping data untuk tabel `setting`
--

INSERT INTO `setting` (`setting_id`, `setting_name`, `setting_value`, `setting_last_update`) VALUES
(1, 'setting_school', 'Pondok Pesantren Al-Ma\'ruf', '2020-06-22 22:07:07'),
(2, 'setting_address', 'Bandungsari', '2020-06-22 22:07:07'),
(3, 'setting_phone', '082235968001', '2020-06-22 22:07:07'),
(4, 'setting_district', 'Ngaringan', '2020-06-22 22:07:07'),
(5, 'setting_city', 'Grobogan', '2020-06-22 22:07:07'),
(6, 'setting_logo', 'Pondok_Pesantren_Al-Maruf3.png', '2020-06-22 22:07:07'),
(7, 'setting_level', 'senior', '2020-06-22 22:07:07'),
(8, 'setting_wa_gateway_url', 'https://tegal.wablas.com/api/v2/send-message', '2020-06-22 22:07:07'),
(9, 'setting_wa_api_key', 'rVnPy4dJ7NUC6H8AAKQTlbkRLghq5TeyRnrvkosgozoJ8thLwsFqpMD.Q0MXgizJ', '2020-06-22 22:07:07'),
(10, 'setting_sms', 'Y', '2020-06-22 22:07:07');

-- --------------------------------------------------------

--
-- Struktur dari tabel `student`
--

CREATE TABLE `student` (
  `student_id` int(11) NOT NULL,
  `student_nis` varchar(45) DEFAULT NULL,
  `student_nisn` varchar(45) DEFAULT NULL,
  `student_password` varchar(100) DEFAULT NULL,
  `student_full_name` varchar(255) DEFAULT NULL,
  `student_gender` enum('L','P') DEFAULT NULL,
  `student_born_place` varchar(45) DEFAULT NULL,
  `student_born_date` date DEFAULT NULL,
  `student_img` varchar(255) DEFAULT NULL,
  `student_phone` varchar(45) DEFAULT NULL,
  `student_hobby` varchar(100) DEFAULT NULL,
  `student_address` text,
  `student_name_of_mother` varchar(255) DEFAULT NULL,
  `student_name_of_father` varchar(255) DEFAULT NULL,
  `student_parent_phone` varchar(45) DEFAULT NULL,
  `class_class_id` int(11) DEFAULT NULL,
  `majors_majors_id` int(11) DEFAULT NULL,
  `student_status` tinyint(1) DEFAULT '1',
  `student_input_date` timestamp NULL DEFAULT NULL,
  `student_last_update` timestamp NULL DEFAULT NULL,
  `student_token` varchar(255) DEFAULT NULL
) ENGINE=InnoDB DEFAULT CHARSET=latin1;

--
-- Dumping data untuk tabel `student`
--

INSERT INTO `student` (`student_id`, `student_nis`, `student_nisn`, `student_password`, `student_full_name`, `student_gender`, `student_born_place`, `student_born_date`, `student_img`, `student_phone`, `student_hobby`, `student_address`, `student_name_of_mother`, `student_name_of_father`, `student_parent_phone`, `class_class_id`, `majors_majors_id`, `student_status`, `student_input_date`, `student_last_update`, `student_token`) VALUES
(1, '23121213', '09876545678987', '7c222fb2927d828af22f592134e8932480637c0d', 'M Zani', 'L', 'Semarang', '2024-12-01', 'M_Zani.jpg', '085327784138', 'Mancing', 'Jln. KH. Ma\'ruf', 'Samijah', 'Samin', '6282235968001', 7, 18, 1, '2024-12-02 17:28:47', '2025-03-12 01:57:42', NULL),
(2, '200206', '313414142154253425', '7c222fb2927d828af22f592134e8932480637c0d', 'Aisyah', 'P', 'Semarang', '2024-04-01', 'Aisyah1.png', '085327784138', 'Mancing', 'Jln. KH. Ma\'ruf', 'Samijah', 'Samin', '6285848998051', 2, 15, 0, '2024-12-11 17:25:51', '2025-02-21 10:48:03', NULL),
(4, '224232324', '42425t4563535', '7c222fb2927d828af22f592134e8932480637c0d', 'Revano', 'L', '16-KAB. BLORA', '2024-12-16', 'Revano.jpeg', '082235968001', '', 'Jalan Sambeng', 'Aisyah', 'Ayah Ivan Jenner', '6282235968001', 2, 17, 1, '2024-12-30 23:02:50', '2025-02-21 10:08:28', 'ngr2yqSWAiB0FVJpZOvlexIkj4hU6sX5Nz8Cmw73'),
(5, '12345678', '09876545678987', '7c222fb2927d828af22f592134e8932480637c0d', 'Revano Jaka', 'L', '16-KAB. BLORA', '2004-10-20', 'Revano_Jaka2.jpeg', '6282235968001', 'Memancing', 'Jalan Sambeng', 'Aisyah', 'Samin', '6283878168044', 4, 19, 1, '2025-01-01 04:59:25', '2025-02-21 10:50:47', 'w1mZqycUKh7N2vEYbuPVDLWFpC03JdreI5jlSBOA'),
(6, '0987654321asa', '313414142154253425', '01b307acba4f54f55aafc33bb06bbbf6ca803e9a', 'Miftahulil Albab', 'L', 'Grobogan', '2024-09-04', 'Miftahulil_Albab.jpeg', '082235968001', 'Mancing', 'BRINGIN GODONG GROBOGAN', 'Aisyah', 'Samin', '6285327784138', 4, 19, 1, '2025-01-03 10:53:23', '2025-03-07 06:19:03', 'c5qHo7GylaihuPT3jM9DCYkmVnL1wUdgzWIXZRpf'),
(7, '20020610', '45434535642131', '7c222fb2927d828af22f592134e8932480637c0d', 'Ahmad Yahya', 'L', 'Kalimantan', '2000-02-08', 'Ahmad_Yahya.jpeg', '083878168044', 'Memancing', 'Jalan Sambeng', 'Aisyah', 'Samin', '6281321685214', 1, 16, 1, '2025-01-04 20:21:45', '2025-02-21 08:53:11', 'ANWgf9G5vFV8SeJrjk3OiUtMhlxCbydHqZpmQDzs'),
(8, '5000', '09876545678987', '7c222fb2927d828af22f592134e8932480637c0d', 'Ahmad Saipul Jamil', 'L', 'Semarang', '2000-06-01', 'Ahmad_Saipul_Jamil.png', '6283878168044', 'Memancing', 'Jalan Sambeng', 'Aisyah', 'Jumali', '6283189858939', 6, 16, 1, '2025-01-05 04:46:58', '2025-02-21 11:43:37', '0GbChDSZjnrXe52YcEgs3udz4vyNWR9HwAk1QFla'),
(9, '098765', '09876545678987', 'cce4229d3a446c687f23de7b5ee34c057cfc9d90', 'M. Miftahul Huda', 'L', 'Semarang', '2025-01-15', 'Ahmad_Saipul_Jamil_2.jpg', '082235968001', 'Memancing', 'Jalan Sambeng', 'Aisyah', 'Ayah Ivan Jenner', '6282235968001', 3, 20, 1, '2025-01-17 07:46:36', '2025-02-21 11:14:00', NULL),
(10, '12345678901', '09876545678987', '7c222fb2927d828af22f592134e8932480637c0d', 'Ahmad Saipul Jamil 11', 'L', 'Semarang', '2020-04-27', NULL, '085327784138', 'Mancing', 'Jalan Sambeng', 'Ibu Ivan Jenner', 'Saminah', '', 3, 18, 1, '2025-01-21 15:05:24', '2025-02-21 10:49:29', NULL),
(11, '987', '31232452424242424', 'bd5e5eb049f3907175f54f5a571ba6b9fdea36ab', 'Revano 90', 'L', '16-KAB. BLORA', '2021-01-01', NULL, '085327784138', 'Memancing', 'Jalan Sambeng', 'Aisyah', 'Samin', '6283871750503', 5, 18, 1, '2025-01-21 15:26:00', '2025-02-21 10:54:46', NULL),
(12, '0002', '20021212', '7c222fb2927d828af22f592134e8932480637c0d', 'RIZKI IBRAHIM MOVICH', 'L', 'Semarang', '2025-01-08', 'RIZKI_IBRAHIM_MOVICH.jpg', '083128563527', 'Mancing', 'Kalimantan', 'Aisyah', 'Jumali', '6282235968001', 5, 17, 1, '2025-01-27 17:29:12', '2025-02-21 10:55:10', NULL),
(13, '001', '45434535642131', '26d41f6c5d0e0e0829f12606d57b66013fd6b069', 'Ajmad Busro Mustofa', 'L', 'Blora', '2006-02-01', 'Ajmad_Busro_Mustofa.jpg', '082235968001', 'Memancing', 'Jalan Sambeng', 'Aisyah', 'Samin', '6283159088600', 5, 19, 1, '2025-02-04 19:10:15', '2025-02-21 10:55:23', NULL),
(14, '0005', '45434535642131', '7c222fb2927d828af22f592134e8932480637c0d', 'Ahmad Kamaluddin', 'L', 'Kalianyar', '2000-02-15', 'Ahmad_Jaelani.jpg', '6285848998051', 'Mancing', 'Sumberagung Todanan Blora', 'Aisyah', 'Jumali', '6285225283300', 7, 16, 1, '2025-02-05 10:37:42', '2025-03-10 03:48:56', NULL),
(15, '0006', '09876545678987', '7c222fb2927d828af22f592134e8932480637c0d', 'pp almaruf ok', 'L', 'Semarang', '2025-02-20', 'pp_almaruf_ok.jpg', '082235968001', 'Mancing', 'Jalan Sambeng', 'Ibu Ivan Jenner', 'Samin', '6282235968001', 1, 19, 1, '2025-02-21 08:28:42', '2025-03-08 17:40:27', NULL),
(16, '0099', '09876545678987', '7c222fb2927d828af22f592134e8932480637c0d', 'Ahmad Kamli', 'L', 'Semarang', '2000-03-14', 'Ahmad_Kamli.jpg', '085327784138', 'Memancing', 'Jalan Sambeng', 'wewe', 'Samin', '6285327784138', 7, 17, 1, '2025-02-21 10:47:06', '2025-02-21 17:58:55', NULL),
(17, '123456789018232', '09876545678987', '7c222fb2927d828af22f592134e8932480637c0d', 'Ahmad Zaini Abdul Mufid', 'L', 'Semarang', '2025-02-01', 'Ahmad_Zaini_Abdul_Mufid.png', '085327784138', 'Memancing', 'Jalan Sambeng', 'Aisyah', 'Ayah Ivan Jenner', '6283856994466', 6, 21, 1, '2025-02-25 16:13:16', '2025-02-26 19:52:32', NULL),
(18, '0010', '', '7c222fb2927d828af22f592134e8932480637c0d', 'Ahmadi jalys', 'L', 'Semarang', '2001-06-12', NULL, '', '', '', '', '', '', 1, 21, 1, '2025-03-06 16:52:46', '2025-03-06 16:53:23', NULL),
(19, '00011', '', '7c222fb2927d828af22f592134e8932480637c0d', 'Asingman', 'L', 'Semarang', '2020-02-04', NULL, '', '', '', '', '', '', 4, 20, 1, '2025-03-06 16:54:35', '2025-03-06 16:54:35', NULL),
(20, '00015', '', '7c222fb2927d828af22f592134e8932480637c0d', 'Ahmad Saipul Jamil', 'L', '', '0000-00-00', NULL, '082235968001', '', '', '', '', '', 7, 20, 1, '2025-03-06 16:55:43', '2025-03-06 17:04:03', NULL),
(21, '00090', '', '7c222fb2927d828af22f592134e8932480637c0d', 'Ahmad Saipul Jamil 900', 'L', 'Semarang', '2025-03-06', NULL, '', '', '', '', '', '', 1, 21, 1, '2025-03-06 17:11:41', '2025-03-06 17:11:41', NULL),
(22, '00097', '', '7c222fb2927d828af22f592134e8932480637c0d', 'Revano Jakil', NULL, '', '0000-00-00', NULL, '', '', '', '', 'Samin', '083128563527', 1, 21, 1, '2025-03-06 17:21:43', '2025-03-06 17:21:43', NULL),
(23, '09009', '', '7c222fb2927d828af22f592134e8932480637c0d', 'Revano Tobi', 'L', '', '2004-06-22', 'Revano_Tobi.png', '', '', '', '', 'Samin', '083128563527', 6, 21, 1, '2025-03-06 17:33:27', '2025-03-06 19:20:40', NULL),
(24, '098765432124', '', '7c222fb2927d828af22f592134e8932480637c0d', 'pp almaruf', 'L', 'Semarang', '2010-09-20', NULL, '082235968001', '', 'Jln. KH. Ma\'ruf\r\nRt01 Rw03', 'Samijah', 'Samin', '082235968001', 5, 21, 1, '2025-03-08 01:23:33', '2025-03-08 02:05:08', NULL),
(25, '956784623', '', '7c222fb2927d828af22f592134e8932480637c0d', 'ARIS PUJI LESTARI', 'L', 'Semarang', '2000-10-20', NULL, '083128563527', 'Mancing', 'DESA SAMBENG KECAMATAN TODANAN KABUPATEN BLORA', '', 'Samin', '', 1, 21, 1, '2025-03-08 02:06:30', '2025-03-08 02:06:30', NULL),
(26, '09876543211313', '09876545678987131', '7c222fb2927d828af22f592134e8932480637c0d', 'pp almaruf', 'L', 'Semarang', '2009-09-02', 'pp_almaruf1.jpg', '085327784138', 'Mancing', 'Jln. KH. Ma\'ruf\r\nRt01 Rw03', 'Samijah', 'Samin', '085327784138', 7, 21, 1, '2025-03-08 18:42:00', '2025-03-08 18:42:00', NULL);

-- --------------------------------------------------------

--
-- Struktur dari tabel `student_tokens`
--

CREATE TABLE `student_tokens` (
  `id` int(11) NOT NULL,
  `student_id` int(11) NOT NULL,
  `token` varchar(255) NOT NULL,
  `device_info` varchar(255) DEFAULT NULL,
  `created_at` timestamp NOT NULL DEFAULT CURRENT_TIMESTAMP,
  `fcm_token` varchar(255) DEFAULT NULL
) ENGINE=InnoDB DEFAULT CHARSET=latin1;

--
-- Dumping data untuk tabel `student_tokens`
--

INSERT INTO `student_tokens` (`id`, `student_id`, `token`, `device_info`, `created_at`, `fcm_token`) VALUES
(3, 14, 'i6rycmh74SMEpxegPvT3OKwIFB0V9okAsqzd5Q8n', 'iphone 12 Promaxxxx', '2025-02-27 21:10:07', 'fDfePSPLSgy_FORTfauZcn:APA91bF65-lUde9Fh-rVr5rhJoBfEC6Q5NhtJKNUR_fEwVfCRmjmFmynC4gNF39v8PsgVSsNLHNz88CGwtOCHXnz2ifuXHKkJAFQTTwBX42L7z-WURAvids');

-- --------------------------------------------------------

--
-- Struktur dari tabel `users`
--

CREATE TABLE `users` (
  `user_id` int(11) NOT NULL,
  `user_email` varchar(45) DEFAULT NULL,
  `user_password` varchar(45) DEFAULT NULL,
  `user_full_name` varchar(255) DEFAULT NULL,
  `user_image` varchar(255) DEFAULT NULL,
  `user_description` text,
  `user_role_role_id` int(11) DEFAULT NULL,
  `user_is_deleted` tinyint(1) DEFAULT '0',
  `user_input_date` timestamp NULL DEFAULT NULL,
  `user_last_update` timestamp NULL DEFAULT CURRENT_TIMESTAMP ON UPDATE CURRENT_TIMESTAMP
) ENGINE=InnoDB DEFAULT CHARSET=utf8;

--
-- Dumping data untuk tabel `users`
--

INSERT INTO `users` (`user_id`, `user_email`, `user_password`, `user_full_name`, `user_image`, `user_description`, `user_role_role_id`, `user_is_deleted`, `user_input_date`, `user_last_update`) VALUES
(1, 'admin@admin.com', 'd033e22ae348aeb5660fc2140aec35850c4da997', 'Ahmad Busro', 'Ahmad_Busro.jpeg', 'Administrator', 1, 0, '2018-01-16 03:19:33', '2025-01-17 08:49:06'),
(2, 'admin@gmail.com', '7c222fb2927d828af22f592134e8932480637c0d', 'Albab', 'Albab.jpeg', '', 2, 0, '2025-01-07 04:09:25', '2025-01-07 04:09:25'),
(3, 'ponpestalmarufbandungsari@gmail.com', '7c222fb2927d828af22f592134e8932480637c0d', 'Miftahul Albab', 'Miftahul_Albab.png', '', 1, 0, '2025-02-05 08:47:22', '2025-02-05 08:47:22'),
(4, 'ppalmarufbandungsari12@gmail.com', 'bd5e5eb049f3907175f54f5a571ba6b9fdea36ab', 'Administrator', 'Administrator3.jpg', '', 2, 0, '2025-02-05 08:51:08', '2025-02-05 08:51:08');

-- --------------------------------------------------------

--
-- Struktur dari tabel `user_roles`
--

CREATE TABLE `user_roles` (
  `role_id` int(11) NOT NULL,
  `role_name` varchar(100) DEFAULT NULL
) ENGINE=InnoDB DEFAULT CHARSET=latin1;

--
-- Dumping data untuk tabel `user_roles`
--

INSERT INTO `user_roles` (`role_id`, `role_name`) VALUES
(1, 'SUPERUSER'),
(2, 'USER');

-- --------------------------------------------------------

--
-- Struktur dari tabel `ustadz`
--

CREATE TABLE `ustadz` (
  `ustadz_id` int(11) NOT NULL,
  `ustadz_nama` varchar(255) NOT NULL,
  `ustadz_nik` varchar(20) NOT NULL,
  `ustadz_tgl_lahir` date NOT NULL,
  `ustadz_status` tinyint(1) NOT NULL DEFAULT '1' COMMENT '1 = Aktif, 0 = Tidak Aktif',
  `ustadz_alamat` text NOT NULL,
  `ustadz_telepon` varchar(15) NOT NULL,
  `created_at` timestamp NOT NULL DEFAULT CURRENT_TIMESTAMP,
  `updated_at` timestamp NOT NULL DEFAULT CURRENT_TIMESTAMP ON UPDATE CURRENT_TIMESTAMP,
  `class_id` int(11) DEFAULT NULL
) ENGINE=InnoDB DEFAULT CHARSET=utf8mb4;

--
-- Dumping data untuk tabel `ustadz`
--

INSERT INTO `ustadz` (`ustadz_id`, `ustadz_nama`, `ustadz_nik`, `ustadz_tgl_lahir`, `ustadz_status`, `ustadz_alamat`, `ustadz_telepon`, `created_at`, `updated_at`, `class_id`) VALUES
(15, 'Zeni Abdullah', '3315101912000002', '1999-12-19', 1, 'Tambakselo Wirosari Grobogan', '6283871750503', '2025-02-28 00:39:30', '2025-03-06 13:41:43', 6),
(16, 'Zeni Abdullah', '565656', '2025-03-25', 1, 'd', '6283871750503', '2025-03-06 21:41:53', '2025-03-06 21:41:53', 2),
(19, 'Zeni Abdullah', '331510191200000209', '2025-03-04', 1, 'adad', '6283871750503', '2025-03-06 22:10:57', '2025-03-06 22:10:57', 1);

--
-- Indexes for dumped tables
--

--
-- Indeks untuk tabel `absen_jamaah`
--
ALTER TABLE `absen_jamaah`
  ADD PRIMARY KEY (`jamaah_id`),
  ADD KEY `student_id` (`student_id`),
  ADD KEY `period_id` (`period_id`);

--
-- Indeks untuk tabel `absen_mengaji`
--
ALTER TABLE `absen_mengaji`
  ADD PRIMARY KEY (`absen_id`),
  ADD KEY `student_id` (`student_id`),
  ADD KEY `period_id` (`period_id`);

--
-- Indeks untuk tabel `bebas`
--
ALTER TABLE `bebas`
  ADD PRIMARY KEY (`bebas_id`),
  ADD KEY `fk_bebas_payment1_idx` (`payment_payment_id`),
  ADD KEY `fk_bebas_student1_idx` (`student_student_id`);

--
-- Indeks untuk tabel `bebas_pay`
--
ALTER TABLE `bebas_pay`
  ADD PRIMARY KEY (`bebas_pay_id`),
  ADD KEY `fk_bebas_pay_bebas1_idx` (`bebas_bebas_id`),
  ADD KEY `fk_bebas_pay_users1_idx` (`user_user_id`);

--
-- Indeks untuk tabel `bulan`
--
ALTER TABLE `bulan`
  ADD PRIMARY KEY (`bulan_id`),
  ADD KEY `fk_bulan_payment1_idx` (`payment_payment_id`),
  ADD KEY `fk_bulan_month1_idx` (`month_month_id`),
  ADD KEY `fk_bulan_student1_idx` (`student_student_id`),
  ADD KEY `fk_bulan_users1_idx` (`user_user_id`);

--
-- Indeks untuk tabel `ci_sessions`
--
ALTER TABLE `ci_sessions`
  ADD PRIMARY KEY (`id`),
  ADD KEY `ci_sessions_timestamp` (`timestamp`);

--
-- Indeks untuk tabel `class`
--
ALTER TABLE `class`
  ADD PRIMARY KEY (`class_id`);

--
-- Indeks untuk tabel `class_kitab`
--
ALTER TABLE `class_kitab`
  ADD PRIMARY KEY (`id`),
  ADD KEY `class_id` (`class_id`),
  ADD KEY `kitab_id` (`kitab_id`),
  ADD KEY `period_id` (`period_id`);

--
-- Indeks untuk tabel `debit`
--
ALTER TABLE `debit`
  ADD PRIMARY KEY (`debit_id`),
  ADD KEY `fk_jurnal_debit_users1_idx` (`user_user_id`);

--
-- Indeks untuk tabel `health_records`
--
ALTER TABLE `health_records`
  ADD PRIMARY KEY (`health_record_id`),
  ADD KEY `student_id` (`student_id`),
  ADD KEY `period_id` (`period_id`);

--
-- Indeks untuk tabel `holiday`
--
ALTER TABLE `holiday`
  ADD PRIMARY KEY (`id`);

--
-- Indeks untuk tabel `information`
--
ALTER TABLE `information`
  ADD PRIMARY KEY (`information_id`),
  ADD KEY `fk_information_users1_idx` (`user_user_id`);

--
-- Indeks untuk tabel `izin_pulang`
--
ALTER TABLE `izin_pulang`
  ADD PRIMARY KEY (`izin_id`);

--
-- Indeks untuk tabel `kitab`
--
ALTER TABLE `kitab`
  ADD PRIMARY KEY (`kitab_id`);

--
-- Indeks untuk tabel `komplek`
--
ALTER TABLE `komplek`
  ADD PRIMARY KEY (`komplek_id`);

--
-- Indeks untuk tabel `kredit`
--
ALTER TABLE `kredit`
  ADD PRIMARY KEY (`kredit_id`),
  ADD KEY `fk_jurnal_kredit_users1_idx` (`user_user_id`);

--
-- Indeks untuk tabel `letter`
--
ALTER TABLE `letter`
  ADD PRIMARY KEY (`letter_id`);

--
-- Indeks untuk tabel `logs`
--
ALTER TABLE `logs`
  ADD PRIMARY KEY (`log_id`),
  ADD KEY `fk_g_activity_log_g_user1_idx` (`user_id`);

--
-- Indeks untuk tabel `log_trx`
--
ALTER TABLE `log_trx`
  ADD PRIMARY KEY (`log_trx_id`),
  ADD KEY `fk_log_trx_bebas_pay1_idx` (`bebas_pay_bebas_pay_id`),
  ADD KEY `fk_log_trx_bulan1_idx` (`bulan_bulan_id`),
  ADD KEY `fk_log_trx_student1_idx` (`student_student_id`);

--
-- Indeks untuk tabel `majors`
--
ALTER TABLE `majors`
  ADD PRIMARY KEY (`majors_id`),
  ADD KEY `fk_majors_komplek` (`komplek_id`);

--
-- Indeks untuk tabel `month`
--
ALTER TABLE `month`
  ADD PRIMARY KEY (`month_id`);

--
-- Indeks untuk tabel `nadzhaman`
--
ALTER TABLE `nadzhaman`
  ADD PRIMARY KEY (`nadzhaman_id`),
  ADD KEY `student_id` (`student_id`),
  ADD KEY `kitab_id` (`kitab_id`),
  ADD KEY `fk_period` (`period_id`);

--
-- Indeks untuk tabel `payment`
--
ALTER TABLE `payment`
  ADD PRIMARY KEY (`payment_id`),
  ADD KEY `fk_payment_pos1_idx` (`pos_pos_id`),
  ADD KEY `fk_payment_period1_idx` (`period_period_id`);

--
-- Indeks untuk tabel `pelanggaran`
--
ALTER TABLE `pelanggaran`
  ADD PRIMARY KEY (`pelanggaran_id`),
  ADD KEY `student_id` (`student_id`),
  ADD KEY `period_id` (`period_id`),
  ADD KEY `class_id` (`class_id`);

--
-- Indeks untuk tabel `pengurus`
--
ALTER TABLE `pengurus`
  ADD PRIMARY KEY (`pengurus_id`),
  ADD UNIQUE KEY `pengurus_nik` (`pengurus_nik`);

--
-- Indeks untuk tabel `period`
--
ALTER TABLE `period`
  ADD PRIMARY KEY (`period_id`);

--
-- Indeks untuk tabel `pos`
--
ALTER TABLE `pos`
  ADD PRIMARY KEY (`pos_id`);

--
-- Indeks untuk tabel `setting`
--
ALTER TABLE `setting`
  ADD PRIMARY KEY (`setting_id`);

--
-- Indeks untuk tabel `student`
--
ALTER TABLE `student`
  ADD PRIMARY KEY (`student_id`),
  ADD KEY `fk_student_class1_idx` (`class_class_id`),
  ADD KEY `fk_student_majors1_idx` (`majors_majors_id`);

--
-- Indeks untuk tabel `student_tokens`
--
ALTER TABLE `student_tokens`
  ADD PRIMARY KEY (`id`),
  ADD KEY `student_id` (`student_id`);

--
-- Indeks untuk tabel `users`
--
ALTER TABLE `users`
  ADD PRIMARY KEY (`user_id`),
  ADD KEY `fk_user_user_role1_idx` (`user_role_role_id`);

--
-- Indeks untuk tabel `user_roles`
--
ALTER TABLE `user_roles`
  ADD PRIMARY KEY (`role_id`);

--
-- Indeks untuk tabel `ustadz`
--
ALTER TABLE `ustadz`
  ADD PRIMARY KEY (`ustadz_id`),
  ADD UNIQUE KEY `ustadz_nik` (`ustadz_nik`),
  ADD KEY `fk_ustadz_class` (`class_id`);

--
-- AUTO_INCREMENT untuk tabel yang dibuang
--

--
-- AUTO_INCREMENT untuk tabel `absen_jamaah`
--
ALTER TABLE `absen_jamaah`
  MODIFY `jamaah_id` int(11) NOT NULL AUTO_INCREMENT, AUTO_INCREMENT=17;

--
-- AUTO_INCREMENT untuk tabel `absen_mengaji`
--
ALTER TABLE `absen_mengaji`
  MODIFY `absen_id` int(11) NOT NULL AUTO_INCREMENT;

--
-- AUTO_INCREMENT untuk tabel `bebas`
--
ALTER TABLE `bebas`
  MODIFY `bebas_id` int(11) NOT NULL AUTO_INCREMENT, AUTO_INCREMENT=33;

--
-- AUTO_INCREMENT untuk tabel `bebas_pay`
--
ALTER TABLE `bebas_pay`
  MODIFY `bebas_pay_id` int(11) NOT NULL AUTO_INCREMENT, AUTO_INCREMENT=14;

--
-- AUTO_INCREMENT untuk tabel `bulan`
--
ALTER TABLE `bulan`
  MODIFY `bulan_id` int(11) NOT NULL AUTO_INCREMENT, AUTO_INCREMENT=865;

--
-- AUTO_INCREMENT untuk tabel `class`
--
ALTER TABLE `class`
  MODIFY `class_id` int(11) NOT NULL AUTO_INCREMENT, AUTO_INCREMENT=8;

--
-- AUTO_INCREMENT untuk tabel `class_kitab`
--
ALTER TABLE `class_kitab`
  MODIFY `id` int(11) NOT NULL AUTO_INCREMENT, AUTO_INCREMENT=38;

--
-- AUTO_INCREMENT untuk tabel `debit`
--
ALTER TABLE `debit`
  MODIFY `debit_id` int(11) NOT NULL AUTO_INCREMENT, AUTO_INCREMENT=6;

--
-- AUTO_INCREMENT untuk tabel `health_records`
--
ALTER TABLE `health_records`
  MODIFY `health_record_id` int(11) NOT NULL AUTO_INCREMENT, AUTO_INCREMENT=6;

--
-- AUTO_INCREMENT untuk tabel `holiday`
--
ALTER TABLE `holiday`
  MODIFY `id` int(11) NOT NULL AUTO_INCREMENT, AUTO_INCREMENT=4;

--
-- AUTO_INCREMENT untuk tabel `information`
--
ALTER TABLE `information`
  MODIFY `information_id` int(11) NOT NULL AUTO_INCREMENT, AUTO_INCREMENT=11;

--
-- AUTO_INCREMENT untuk tabel `izin_pulang`
--
ALTER TABLE `izin_pulang`
  MODIFY `izin_id` int(11) NOT NULL AUTO_INCREMENT, AUTO_INCREMENT=10;

--
-- AUTO_INCREMENT untuk tabel `kitab`
--
ALTER TABLE `kitab`
  MODIFY `kitab_id` int(11) NOT NULL AUTO_INCREMENT, AUTO_INCREMENT=13;

--
-- AUTO_INCREMENT untuk tabel `komplek`
--
ALTER TABLE `komplek`
  MODIFY `komplek_id` int(11) NOT NULL AUTO_INCREMENT, AUTO_INCREMENT=12;

--
-- AUTO_INCREMENT untuk tabel `kredit`
--
ALTER TABLE `kredit`
  MODIFY `kredit_id` int(11) NOT NULL AUTO_INCREMENT, AUTO_INCREMENT=13;

--
-- AUTO_INCREMENT untuk tabel `letter`
--
ALTER TABLE `letter`
  MODIFY `letter_id` int(11) NOT NULL AUTO_INCREMENT, AUTO_INCREMENT=407;

--
-- AUTO_INCREMENT untuk tabel `logs`
--
ALTER TABLE `logs`
  MODIFY `log_id` int(11) NOT NULL AUTO_INCREMENT, AUTO_INCREMENT=291;

--
-- AUTO_INCREMENT untuk tabel `log_trx`
--
ALTER TABLE `log_trx`
  MODIFY `log_trx_id` int(11) NOT NULL AUTO_INCREMENT, AUTO_INCREMENT=392;

--
-- AUTO_INCREMENT untuk tabel `majors`
--
ALTER TABLE `majors`
  MODIFY `majors_id` int(11) NOT NULL AUTO_INCREMENT, AUTO_INCREMENT=26;

--
-- AUTO_INCREMENT untuk tabel `month`
--
ALTER TABLE `month`
  MODIFY `month_id` int(11) NOT NULL AUTO_INCREMENT, AUTO_INCREMENT=13;

--
-- AUTO_INCREMENT untuk tabel `nadzhaman`
--
ALTER TABLE `nadzhaman`
  MODIFY `nadzhaman_id` int(11) NOT NULL AUTO_INCREMENT;

--
-- AUTO_INCREMENT untuk tabel `payment`
--
ALTER TABLE `payment`
  MODIFY `payment_id` int(11) NOT NULL AUTO_INCREMENT, AUTO_INCREMENT=13;

--
-- AUTO_INCREMENT untuk tabel `pelanggaran`
--
ALTER TABLE `pelanggaran`
  MODIFY `pelanggaran_id` int(11) NOT NULL AUTO_INCREMENT, AUTO_INCREMENT=68;

--
-- AUTO_INCREMENT untuk tabel `pengurus`
--
ALTER TABLE `pengurus`
  MODIFY `pengurus_id` int(11) NOT NULL AUTO_INCREMENT, AUTO_INCREMENT=29;

--
-- AUTO_INCREMENT untuk tabel `period`
--
ALTER TABLE `period`
  MODIFY `period_id` int(11) NOT NULL AUTO_INCREMENT, AUTO_INCREMENT=10;

--
-- AUTO_INCREMENT untuk tabel `pos`
--
ALTER TABLE `pos`
  MODIFY `pos_id` int(11) NOT NULL AUTO_INCREMENT, AUTO_INCREMENT=6;

--
-- AUTO_INCREMENT untuk tabel `setting`
--
ALTER TABLE `setting`
  MODIFY `setting_id` int(11) NOT NULL AUTO_INCREMENT, AUTO_INCREMENT=11;

--
-- AUTO_INCREMENT untuk tabel `student`
--
ALTER TABLE `student`
  MODIFY `student_id` int(11) NOT NULL AUTO_INCREMENT, AUTO_INCREMENT=27;

--
-- AUTO_INCREMENT untuk tabel `student_tokens`
--
ALTER TABLE `student_tokens`
  MODIFY `id` int(11) NOT NULL AUTO_INCREMENT, AUTO_INCREMENT=4;

--
-- AUTO_INCREMENT untuk tabel `users`
--
ALTER TABLE `users`
  MODIFY `user_id` int(11) NOT NULL AUTO_INCREMENT, AUTO_INCREMENT=5;

--
-- AUTO_INCREMENT untuk tabel `user_roles`
--
ALTER TABLE `user_roles`
  MODIFY `role_id` int(11) NOT NULL AUTO_INCREMENT, AUTO_INCREMENT=3;

--
-- AUTO_INCREMENT untuk tabel `ustadz`
--
ALTER TABLE `ustadz`
  MODIFY `ustadz_id` int(11) NOT NULL AUTO_INCREMENT, AUTO_INCREMENT=20;

--
-- Ketidakleluasaan untuk tabel pelimpahan (Dumped Tables)
--

--
-- Ketidakleluasaan untuk tabel `absen_jamaah`
--
ALTER TABLE `absen_jamaah`
  ADD CONSTRAINT `absen_jamaah_ibfk_1` FOREIGN KEY (`student_id`) REFERENCES `student` (`student_id`),
  ADD CONSTRAINT `absen_jamaah_ibfk_2` FOREIGN KEY (`period_id`) REFERENCES `period` (`period_id`);

--
-- Ketidakleluasaan untuk tabel `absen_mengaji`
--
ALTER TABLE `absen_mengaji`
  ADD CONSTRAINT `absen_mengaji_ibfk_1` FOREIGN KEY (`student_id`) REFERENCES `student` (`student_id`),
  ADD CONSTRAINT `absen_mengaji_ibfk_2` FOREIGN KEY (`period_id`) REFERENCES `period` (`period_id`);

--
-- Ketidakleluasaan untuk tabel `bebas`
--
ALTER TABLE `bebas`
  ADD CONSTRAINT `fk_bebas_payment1` FOREIGN KEY (`payment_payment_id`) REFERENCES `payment` (`payment_id`) ON DELETE SET NULL ON UPDATE SET NULL,
  ADD CONSTRAINT `fk_bebas_student1` FOREIGN KEY (`student_student_id`) REFERENCES `student` (`student_id`) ON DELETE SET NULL ON UPDATE SET NULL;

--
-- Ketidakleluasaan untuk tabel `bebas_pay`
--
ALTER TABLE `bebas_pay`
  ADD CONSTRAINT `fk_bebas_pay_bebas1` FOREIGN KEY (`bebas_bebas_id`) REFERENCES `bebas` (`bebas_id`) ON DELETE SET NULL ON UPDATE SET NULL,
  ADD CONSTRAINT `fk_bebas_pay_users1` FOREIGN KEY (`user_user_id`) REFERENCES `users` (`user_id`) ON DELETE SET NULL ON UPDATE SET NULL;

--
-- Ketidakleluasaan untuk tabel `bulan`
--
ALTER TABLE `bulan`
  ADD CONSTRAINT `fk_bulan_month1` FOREIGN KEY (`month_month_id`) REFERENCES `month` (`month_id`) ON DELETE NO ACTION ON UPDATE NO ACTION,
  ADD CONSTRAINT `fk_bulan_payment1` FOREIGN KEY (`payment_payment_id`) REFERENCES `payment` (`payment_id`) ON DELETE SET NULL ON UPDATE SET NULL,
  ADD CONSTRAINT `fk_bulan_student1` FOREIGN KEY (`student_student_id`) REFERENCES `student` (`student_id`) ON DELETE SET NULL ON UPDATE SET NULL,
  ADD CONSTRAINT `fk_bulan_users1` FOREIGN KEY (`user_user_id`) REFERENCES `users` (`user_id`) ON DELETE SET NULL ON UPDATE SET NULL;

--
-- Ketidakleluasaan untuk tabel `class_kitab`
--
ALTER TABLE `class_kitab`
  ADD CONSTRAINT `class_kitab_ibfk_1` FOREIGN KEY (`class_id`) REFERENCES `class` (`class_id`),
  ADD CONSTRAINT `class_kitab_ibfk_2` FOREIGN KEY (`kitab_id`) REFERENCES `kitab` (`kitab_id`),
  ADD CONSTRAINT `class_kitab_ibfk_3` FOREIGN KEY (`period_id`) REFERENCES `period` (`period_id`);

--
-- Ketidakleluasaan untuk tabel `debit`
--
ALTER TABLE `debit`
  ADD CONSTRAINT `fk_jurnal_debit_users1` FOREIGN KEY (`user_user_id`) REFERENCES `users` (`user_id`) ON DELETE SET NULL ON UPDATE SET NULL;

--
-- Ketidakleluasaan untuk tabel `health_records`
--
ALTER TABLE `health_records`
  ADD CONSTRAINT `health_records_ibfk_1` FOREIGN KEY (`student_id`) REFERENCES `student` (`student_id`) ON DELETE CASCADE,
  ADD CONSTRAINT `health_records_ibfk_2` FOREIGN KEY (`period_id`) REFERENCES `period` (`period_id`) ON DELETE CASCADE;

--
-- Ketidakleluasaan untuk tabel `information`
--
ALTER TABLE `information`
  ADD CONSTRAINT `fk_information_users1` FOREIGN KEY (`user_user_id`) REFERENCES `users` (`user_id`) ON DELETE SET NULL ON UPDATE SET NULL;

--
-- Ketidakleluasaan untuk tabel `kredit`
--
ALTER TABLE `kredit`
  ADD CONSTRAINT `fk_jurnal_kredit_users1` FOREIGN KEY (`user_user_id`) REFERENCES `users` (`user_id`) ON DELETE SET NULL ON UPDATE SET NULL;

--
-- Ketidakleluasaan untuk tabel `logs`
--
ALTER TABLE `logs`
  ADD CONSTRAINT `fk_g_activity_log_g_user1` FOREIGN KEY (`user_id`) REFERENCES `users` (`user_id`) ON DELETE SET NULL ON UPDATE SET NULL;

--
-- Ketidakleluasaan untuk tabel `log_trx`
--
ALTER TABLE `log_trx`
  ADD CONSTRAINT `fk_log_trx_bebas_pay1` FOREIGN KEY (`bebas_pay_bebas_pay_id`) REFERENCES `bebas_pay` (`bebas_pay_id`) ON DELETE SET NULL ON UPDATE SET NULL,
  ADD CONSTRAINT `fk_log_trx_bulan1` FOREIGN KEY (`bulan_bulan_id`) REFERENCES `bulan` (`bulan_id`) ON DELETE SET NULL ON UPDATE SET NULL,
  ADD CONSTRAINT `fk_log_trx_student1` FOREIGN KEY (`student_student_id`) REFERENCES `student` (`student_id`) ON DELETE SET NULL ON UPDATE SET NULL;

--
-- Ketidakleluasaan untuk tabel `majors`
--
ALTER TABLE `majors`
  ADD CONSTRAINT `fk_majors_komplek` FOREIGN KEY (`komplek_id`) REFERENCES `komplek` (`komplek_id`) ON DELETE SET NULL;

--
-- Ketidakleluasaan untuk tabel `nadzhaman`
--
ALTER TABLE `nadzhaman`
  ADD CONSTRAINT `fk_period` FOREIGN KEY (`period_id`) REFERENCES `period` (`period_id`),
  ADD CONSTRAINT `nadzhaman_ibfk_1` FOREIGN KEY (`student_id`) REFERENCES `student` (`student_id`) ON DELETE CASCADE,
  ADD CONSTRAINT `nadzhaman_ibfk_2` FOREIGN KEY (`kitab_id`) REFERENCES `kitab` (`kitab_id`) ON DELETE CASCADE;

--
-- Ketidakleluasaan untuk tabel `payment`
--
ALTER TABLE `payment`
  ADD CONSTRAINT `fk_payment_period1` FOREIGN KEY (`period_period_id`) REFERENCES `period` (`period_id`) ON DELETE SET NULL ON UPDATE SET NULL,
  ADD CONSTRAINT `fk_payment_pos1` FOREIGN KEY (`pos_pos_id`) REFERENCES `pos` (`pos_id`) ON DELETE SET NULL ON UPDATE SET NULL;

--
-- Ketidakleluasaan untuk tabel `pelanggaran`
--
ALTER TABLE `pelanggaran`
  ADD CONSTRAINT `pelanggaran_ibfk_1` FOREIGN KEY (`student_id`) REFERENCES `student` (`student_id`) ON DELETE CASCADE,
  ADD CONSTRAINT `pelanggaran_ibfk_2` FOREIGN KEY (`period_id`) REFERENCES `period` (`period_id`) ON DELETE CASCADE,
  ADD CONSTRAINT `pelanggaran_ibfk_3` FOREIGN KEY (`class_id`) REFERENCES `class` (`class_id`) ON DELETE CASCADE;

--
-- Ketidakleluasaan untuk tabel `student`
--
ALTER TABLE `student`
  ADD CONSTRAINT `fk_student_class1` FOREIGN KEY (`class_class_id`) REFERENCES `class` (`class_id`) ON DELETE SET NULL ON UPDATE SET NULL,
  ADD CONSTRAINT `fk_student_majors1` FOREIGN KEY (`majors_majors_id`) REFERENCES `majors` (`majors_id`) ON DELETE NO ACTION ON UPDATE NO ACTION;

--
-- Ketidakleluasaan untuk tabel `student_tokens`
--
ALTER TABLE `student_tokens`
  ADD CONSTRAINT `student_tokens_ibfk_1` FOREIGN KEY (`student_id`) REFERENCES `student` (`student_id`) ON DELETE CASCADE;

--
-- Ketidakleluasaan untuk tabel `users`
--
ALTER TABLE `users`
  ADD CONSTRAINT `fk_user_user_role1` FOREIGN KEY (`user_role_role_id`) REFERENCES `user_roles` (`role_id`) ON DELETE SET NULL ON UPDATE SET NULL;

--
-- Ketidakleluasaan untuk tabel `ustadz`
--
ALTER TABLE `ustadz`
  ADD CONSTRAINT `fk_ustadz_class` FOREIGN KEY (`class_id`) REFERENCES `class` (`class_id`) ON DELETE SET NULL;
COMMIT;

/*!40101 SET CHARACTER_SET_CLIENT=@OLD_CHARACTER_SET_CLIENT */;
/*!40101 SET CHARACTER_SET_RESULTS=@OLD_CHARACTER_SET_RESULTS */;
/*!40101 SET COLLATION_CONNECTION=@OLD_COLLATION_CONNECTION */;
